part_id,name_en,name_fr,category,models,fitment,side,tesla_oe_numbers,base_numbers,partslink,url_en,url_fr,source
P-001,Front Bumper Fascia Unpainted With Park Assist Sensor Holes,"Couvre-pare-chocs avant non peint, avec trous de capteurs de stationnement",Front Bumper Parts,Model 3,Tesla Model 3 · Jun 2017 – Dec 2023,,1084168-S0-E | 1084168-00-E | 1084168-00-D | 1916697-S0-A,1084168 | 1916697,TA1000101,https://maplev.ca/parts/tesla-model-3-front-bumper-fascia-unpainted-with-park-assist-sensor-holes-1084168-s0-e/?utm_source=oe-dataset&utm_medium=dataset&utm_campaign=oe-cross-reference,https://maplev.ca/fr/parts/tesla-model-3-front-bumper-fascia-unpainted-with-park-assist-sensor-holes-1084168-s0-e/?utm_source=oe-dataset&utm_medium=dataset&utm_campaign=oe-cross-reference,MapleV (maplev.ca)
P-002,Front Bumper Fascia Unpainted With Park Assist Sensor Holes (With Logo),"Couvre-pare-chocs avant non peint, avec trous de capteurs de stationnement (avec logo)",Front Bumper Parts,Model 3,Tesla Model 3 · Jun 2017 – Dec 2023,,1084168-S0-E | 1084168-00-E | 1084168-00-D | 1916697-S0-A,1084168 | 1916697,TA1000101,https://maplev.ca/parts/tesla-model-3-front-bumper-fascia-unpainted-with-park-assist-sensor-holes-with-logo-1084168-s0-e/?utm_source=oe-dataset&utm_medium=dataset&utm_campaign=oe-cross-reference,https://maplev.ca/fr/parts/tesla-model-3-front-bumper-fascia-unpainted-with-park-assist-sensor-holes-with-logo-1084168-s0-e/?utm_source=oe-dataset&utm_medium=dataset&utm_campaign=oe-cross-reference,MapleV (maplev.ca)
P-003,Front Bumper Fascia Unpainted Without Park Assist Sensor Holes,"Couvre-pare-chocs avant non peint, sans trous de capteurs de stationnement",Front Bumper Parts,Model 3,Tesla Model 3 · Jun 2017 – Dec 2023,,1916699-S0-A | 1519965-SC-B,1916699 | 1519965,TA1000104,https://maplev.ca/parts/tesla-model-3-front-bumper-fascia-unpainted-without-park-assist-sensor-holes-1916699-s0-a/?utm_source=oe-dataset&utm_medium=dataset&utm_campaign=oe-cross-reference,https://maplev.ca/fr/parts/tesla-model-3-front-bumper-fascia-unpainted-without-park-assist-sensor-holes-1916699-s0-a/?utm_source=oe-dataset&utm_medium=dataset&utm_campaign=oe-cross-reference,MapleV (maplev.ca)
P-004,Front Bumper Fascia Unpainted Without Park Assist Sensor Holes (With Logo),"Couvre-pare-chocs avant non peint, sans trous de capteurs de stationnement (avec logo)",Front Bumper Parts,Model 3,Tesla Model 3 · Jun 2017 – Dec 2023,,1916699-S0-A | 1519965-SC-B,1916699 | 1519965,TA1000104,https://maplev.ca/parts/tesla-model-3-front-bumper-fascia-unpainted-without-park-assist-sensor-holes-with-logo-1916699-s0-a/?utm_source=oe-dataset&utm_medium=dataset&utm_campaign=oe-cross-reference,https://maplev.ca/fr/parts/tesla-model-3-front-bumper-fascia-unpainted-without-park-assist-sensor-holes-with-logo-1916699-s0-a/?utm_source=oe-dataset&utm_medium=dataset&utm_campaign=oe-cross-reference,MapleV (maplev.ca)
P-005,Headlamp Bracket (SAE) - Left,Support de phare (SAE) – gauche,Headlights & Tail Lights,Model 3 | Model Y,"Tesla Model 3, Tesla Model Y · Jun 2017 – Dec 2023 · Jan 2020 – Jan 2025",Left,1453375-00-A | 1453377-00-A,1453375 | 1453377,,https://maplev.ca/parts/tesla-model-3-y-headlamp-bracket-sae-left-1453375-00-a/?utm_source=oe-dataset&utm_medium=dataset&utm_campaign=oe-cross-reference,https://maplev.ca/fr/parts/tesla-model-3-y-headlamp-bracket-sae-left-1453375-00-a/?utm_source=oe-dataset&utm_medium=dataset&utm_campaign=oe-cross-reference,MapleV (maplev.ca)
P-006,Headlamp Bracket (SAE) - Right,Support de phare (SAE) – droit,Headlights & Tail Lights,Model 3 | Model Y,"Tesla Model 3, Tesla Model Y · Jun 2017 – Dec 2023 · Jan 2020 – Jan 2025",Right,1453376-00-A | 1453378-00-A,1453376 | 1453378,,https://maplev.ca/parts/tesla-model-3-y-headlamp-bracket-sae-right-1453376-00-a/?utm_source=oe-dataset&utm_medium=dataset&utm_campaign=oe-cross-reference,https://maplev.ca/fr/parts/tesla-model-3-y-headlamp-bracket-sae-right-1453376-00-a/?utm_source=oe-dataset&utm_medium=dataset&utm_campaign=oe-cross-reference,MapleV (maplev.ca)
P-007,Headlamp Bracket (Global) - Left,Support de phare (Global) – gauche,Headlights & Tail Lights,Model 3 | Model Y,"Tesla Model 3, Tesla Model Y · Jun 2017 – Dec 2023 · Jan 2020 – Jan 2025",Left,1812092-00-A,1812092,,https://maplev.ca/parts/tesla-model-3-y-headlamp-bracket-global-left-1812092-00-a/?utm_source=oe-dataset&utm_medium=dataset&utm_campaign=oe-cross-reference,https://maplev.ca/fr/parts/tesla-model-3-y-headlamp-bracket-global-left-1812092-00-a/?utm_source=oe-dataset&utm_medium=dataset&utm_campaign=oe-cross-reference,MapleV (maplev.ca)
P-008,Headlamp Bracket (Global) - Right,Support de phare (Global) – droit,Headlights & Tail Lights,Model 3 | Model Y,"Tesla Model 3, Tesla Model Y · Jun 2017 – Dec 2023 · Jan 2020 – Jan 2025",Right,1812093-00-A,1812093,,https://maplev.ca/parts/tesla-model-3-y-headlamp-bracket-global-right-1812093-00-a/?utm_source=oe-dataset&utm_medium=dataset&utm_campaign=oe-cross-reference,https://maplev.ca/fr/parts/tesla-model-3-y-headlamp-bracket-global-right-1812093-00-a/?utm_source=oe-dataset&utm_medium=dataset&utm_campaign=oe-cross-reference,MapleV (maplev.ca)
P-009,Front Bumper Energy Absorber Foam,Mousse absorbante de poutre de pare-chocs avant,Front Bumper Parts,Model 3,Tesla Model 3 · Jun 2017 – Dec 2023,,1104669-00-F,1104669,TA1070100,https://maplev.ca/parts/tesla-model-3-front-bumper-energy-absorber-foam-1104669-00-f/?utm_source=oe-dataset&utm_medium=dataset&utm_campaign=oe-cross-reference,https://maplev.ca/fr/parts/tesla-model-3-front-bumper-energy-absorber-foam-1104669-00-f/?utm_source=oe-dataset&utm_medium=dataset&utm_campaign=oe-cross-reference,MapleV (maplev.ca)
P-010,Wheel Liner Reinforcement Bracket - Left,Raidisseur de fausse-aile avant – gauche,Front Bumper Parts,Model 3,Tesla Model 3 · Jun 2017 – Dec 2023,Left,1104540-00-B,1104540,,https://maplev.ca/parts/tesla-model-3-wheel-liner-reinforcement-bracket-left-1104540-00-b/?utm_source=oe-dataset&utm_medium=dataset&utm_campaign=oe-cross-reference,https://maplev.ca/fr/parts/tesla-model-3-wheel-liner-reinforcement-bracket-left-1104540-00-b/?utm_source=oe-dataset&utm_medium=dataset&utm_campaign=oe-cross-reference,MapleV (maplev.ca)
P-011,Wheel Liner Reinforcement Bracket - Right,Raidisseur de fausse-aile avant – droit,Front Bumper Parts,Model 3,Tesla Model 3 · Jun 2017 – Dec 2023,Right,1104541-00-B,1104541,,https://maplev.ca/parts/tesla-model-3-wheel-liner-reinforcement-bracket-right-1104541-00-b/?utm_source=oe-dataset&utm_medium=dataset&utm_campaign=oe-cross-reference,https://maplev.ca/fr/parts/tesla-model-3-wheel-liner-reinforcement-bracket-right-1104541-00-b/?utm_source=oe-dataset&utm_medium=dataset&utm_campaign=oe-cross-reference,MapleV (maplev.ca)
P-012,Front Bumper Side Bracket - Left,Support latéral de pare-chocs avant – gauche,Front Bumper Parts,Model 3,Tesla Model 3 · Jun 2017 – Dec 2023,Left,1084181-00-F | 1084181-00-E,1084181,TA1042103,https://maplev.ca/parts/tesla-model-3-front-bumper-side-bracket-left-1084181-00-f/?utm_source=oe-dataset&utm_medium=dataset&utm_campaign=oe-cross-reference,https://maplev.ca/fr/parts/tesla-model-3-front-bumper-side-bracket-left-1084181-00-f/?utm_source=oe-dataset&utm_medium=dataset&utm_campaign=oe-cross-reference,MapleV (maplev.ca)
P-013,Front Bumper Side Bracket - Right,Support latéral de pare-chocs avant – droit,Front Bumper Parts,Model 3,Tesla Model 3 · Jun 2017 – Dec 2023,Right,1084182-00-F | 1084182-00-E,1084182,TA1043103,https://maplev.ca/parts/tesla-model-3-front-bumper-side-bracket-right-1084182-00-f/?utm_source=oe-dataset&utm_medium=dataset&utm_campaign=oe-cross-reference,https://maplev.ca/fr/parts/tesla-model-3-front-bumper-side-bracket-right-1084182-00-f/?utm_source=oe-dataset&utm_medium=dataset&utm_campaign=oe-cross-reference,MapleV (maplev.ca)
P-014,Front Bumper Center Bracket - Left,Support central de pare-chocs avant – gauche,Front Bumper Parts,Model 3,Tesla Model 3 · Jun 2017 – Dec 2023,Left,1084171-00-F,1084171,TA1042102,https://maplev.ca/parts/tesla-model-3-front-bumper-center-bracket-left-1084171-00-f/?utm_source=oe-dataset&utm_medium=dataset&utm_campaign=oe-cross-reference,https://maplev.ca/fr/parts/tesla-model-3-front-bumper-center-bracket-left-1084171-00-f/?utm_source=oe-dataset&utm_medium=dataset&utm_campaign=oe-cross-reference,MapleV (maplev.ca)
P-015,Front Bumper Center Bracket - Right,Support central de pare-chocs avant – droit,Front Bumper Parts,Model 3,Tesla Model 3 · Jun 2017 – Dec 2023,Right,1084172-00-F,1084172,TA1043102,https://maplev.ca/parts/tesla-model-3-front-bumper-center-bracket-right-1084172-00-f/?utm_source=oe-dataset&utm_medium=dataset&utm_campaign=oe-cross-reference,https://maplev.ca/fr/parts/tesla-model-3-front-bumper-center-bracket-right-1084172-00-f/?utm_source=oe-dataset&utm_medium=dataset&utm_campaign=oe-cross-reference,MapleV (maplev.ca)
P-016,Front Bumper Lower Grille,Grille inférieure de pare-chocs avant,Grilles & Air Intakes,Model 3,Tesla Model 3 · Jun 2017 – Dec 2023,,1085927-01-D | 1085927-00-C,1085927,TA1036100,https://maplev.ca/parts/tesla-model-3-front-bumper-lower-grille-1085927-01-d/?utm_source=oe-dataset&utm_medium=dataset&utm_campaign=oe-cross-reference,https://maplev.ca/fr/parts/tesla-model-3-front-bumper-lower-grille-1085927-01-d/?utm_source=oe-dataset&utm_medium=dataset&utm_campaign=oe-cross-reference,MapleV (maplev.ca)
P-017,Rear Bumper Fascia Unpainted With Park Assist Sensor Holes,"Couvre-pare-chocs arrière non peint, avec trous de capteurs de stationnement",Rear Bumper Parts,Model 3,Tesla Model 3 · Jun 2017 – Dec 2023,,1916698-S0-A,1916698,TA1100100,https://maplev.ca/parts/tesla-model-3-rear-bumper-fascia-unpainted-with-park-assist-sensor-holes-1916698-s0-a/?utm_source=oe-dataset&utm_medium=dataset&utm_campaign=oe-cross-reference,https://maplev.ca/fr/parts/tesla-model-3-rear-bumper-fascia-unpainted-with-park-assist-sensor-holes-1916698-s0-a/?utm_source=oe-dataset&utm_medium=dataset&utm_campaign=oe-cross-reference,MapleV (maplev.ca)
P-018,Rear Bumper Fascia Unpainted With Park Assist Sensor Holes (With Logo),"Couvre-pare-chocs arrière non peint, avec trous de capteurs de stationnement (avec logo)",Rear Bumper Parts,Model 3,Tesla Model 3 · Jun 2017 – Dec 2023,,1916698-S0-A,1916698,TA1100100,https://maplev.ca/parts/tesla-model-3-rear-bumper-fascia-unpainted-with-park-assist-sensor-holes-with-logo-1916698-s0-a/?utm_source=oe-dataset&utm_medium=dataset&utm_campaign=oe-cross-reference,https://maplev.ca/fr/parts/tesla-model-3-rear-bumper-fascia-unpainted-with-park-assist-sensor-holes-with-logo-1916698-s0-a/?utm_source=oe-dataset&utm_medium=dataset&utm_campaign=oe-cross-reference,MapleV (maplev.ca)
P-019,Rear Bumper Fascia Unpainted Without Park Assist Sensor Holes,"Couvre-pare-chocs arrière non peint, sans trous de capteurs de stationnement",Rear Bumper Parts,Model 3,Tesla Model 3 · Jun 2017 – Dec 2023,,1083983-S0-I,1083983,TA1100101,https://maplev.ca/parts/tesla-model-3-rear-bumper-fascia-unpainted-without-park-assist-sensor-holes-1083983-s0-i/?utm_source=oe-dataset&utm_medium=dataset&utm_campaign=oe-cross-reference,https://maplev.ca/fr/parts/tesla-model-3-rear-bumper-fascia-unpainted-without-park-assist-sensor-holes-1083983-s0-i/?utm_source=oe-dataset&utm_medium=dataset&utm_campaign=oe-cross-reference,MapleV (maplev.ca)
P-020,Rear Bumper Fascia Unpainted Without Park Assist Sensor Holes (With Logo),"Couvre-pare-chocs arrière non peint, sans trous de capteurs de stationnement (avec logo)",Rear Bumper Parts,Model 3,Tesla Model 3 · Jun 2017 – Dec 2023,,1083983-S0-I,1083983,TA1100101,https://maplev.ca/parts/tesla-model-3-rear-bumper-fascia-unpainted-without-park-assist-sensor-holes-with-logo-1083983-s0-i/?utm_source=oe-dataset&utm_medium=dataset&utm_campaign=oe-cross-reference,https://maplev.ca/fr/parts/tesla-model-3-rear-bumper-fascia-unpainted-without-park-assist-sensor-holes-with-logo-1083983-s0-i/?utm_source=oe-dataset&utm_medium=dataset&utm_campaign=oe-cross-reference,MapleV (maplev.ca)
P-021,Air Extractor,Extracteur d'air,Rear Panel & Trunk Parts,Model 3 | Model 3 Highland | Model Y | Model Y Juniper,"Tesla Model 3, Tesla Model 3 Highland, Tesla Model Y, Tesla Model Y Juniper · Jun 2017 – Dec 2023 · Jan 2024– · Jan 2020 – Jan 2025 · Feb 2025–",,1098751-00-C,1098751,,https://maplev.ca/parts/tesla-model-3-y-air-extractor-1098751-00-c/?utm_source=oe-dataset&utm_medium=dataset&utm_campaign=oe-cross-reference,https://maplev.ca/fr/parts/tesla-model-3-y-air-extractor-1098751-00-c/?utm_source=oe-dataset&utm_medium=dataset&utm_campaign=oe-cross-reference,MapleV (maplev.ca)
P-022,Rear Bumper Lower Spoiler,Becquet inférieur de pare-chocs arrière,Rear Bumper Parts,Model 3,Tesla Model 3 · Jun 2017 – Dec 2023,,1103035-00-D,1103035,TA1195100,https://maplev.ca/parts/tesla-model-3-rear-bumper-lower-spoiler-1103035-00-d/?utm_source=oe-dataset&utm_medium=dataset&utm_campaign=oe-cross-reference,https://maplev.ca/fr/parts/tesla-model-3-rear-bumper-lower-spoiler-1103035-00-d/?utm_source=oe-dataset&utm_medium=dataset&utm_campaign=oe-cross-reference,MapleV (maplev.ca)
P-023,Rear Bumper Center Bracket,Support central de pare-chocs arrière,Rear Bumper Parts,Model 3,Tesla Model 3 · Jun 2017 – Dec 2023,,1121191-00-E,1121191,TA1140100,https://maplev.ca/parts/tesla-model-3-rear-bumper-center-bracket-1121191-00-e/?utm_source=oe-dataset&utm_medium=dataset&utm_campaign=oe-cross-reference,https://maplev.ca/fr/parts/tesla-model-3-rear-bumper-center-bracket-1121191-00-e/?utm_source=oe-dataset&utm_medium=dataset&utm_campaign=oe-cross-reference,MapleV (maplev.ca)
P-024,Rear Wing Bracket Assembly - Left,Support latéral de pare-chocs arrière (ensemble) – gauche,Rear Panel & Trunk Parts,Model 3,Tesla Model 3 · Jun 2017 – Dec 2023,Left,1083988-00-K,1083988,TA1142100,https://maplev.ca/parts/tesla-model-3-rear-wing-bracket-assembly-left-1083988-00-k/?utm_source=oe-dataset&utm_medium=dataset&utm_campaign=oe-cross-reference,https://maplev.ca/fr/parts/tesla-model-3-rear-wing-bracket-assembly-left-1083988-00-k/?utm_source=oe-dataset&utm_medium=dataset&utm_campaign=oe-cross-reference,MapleV (maplev.ca)
P-025,Rear Wing Bracket Assembly - Right,Support latéral de pare-chocs arrière (ensemble) – droit,Rear Panel & Trunk Parts,Model 3,Tesla Model 3 · Jun 2017 – Dec 2023,Right,1083989-00-K,1083989,TA1143100,https://maplev.ca/parts/tesla-model-3-rear-wing-bracket-assembly-right-1083989-00-k/?utm_source=oe-dataset&utm_medium=dataset&utm_campaign=oe-cross-reference,https://maplev.ca/fr/parts/tesla-model-3-rear-wing-bracket-assembly-right-1083989-00-k/?utm_source=oe-dataset&utm_medium=dataset&utm_campaign=oe-cross-reference,MapleV (maplev.ca)
P-026,Tail Lamp Bracket - Left,Support de feu arrière – gauche,Headlights & Tail Lights,Model 3,Tesla Model 3 · Jun 2017 – Dec 2023,Left,1083992-00-F,1083992,,https://maplev.ca/parts/tesla-model-3-tail-lamp-bracket-left-1083992-00-f/?utm_source=oe-dataset&utm_medium=dataset&utm_campaign=oe-cross-reference,https://maplev.ca/fr/parts/tesla-model-3-tail-lamp-bracket-left-1083992-00-f/?utm_source=oe-dataset&utm_medium=dataset&utm_campaign=oe-cross-reference,MapleV (maplev.ca)
P-027,Tail Lamp Bracket - Right,Support de feu arrière – droit,Headlights & Tail Lights,Model 3,Tesla Model 3 · Jun 2017 – Dec 2023,Right,1083993-00-F,1083993,,https://maplev.ca/parts/tesla-model-3-tail-lamp-bracket-right-1083993-00-f/?utm_source=oe-dataset&utm_medium=dataset&utm_campaign=oe-cross-reference,https://maplev.ca/fr/parts/tesla-model-3-tail-lamp-bracket-right-1083993-00-f/?utm_source=oe-dataset&utm_medium=dataset&utm_campaign=oe-cross-reference,MapleV (maplev.ca)
P-028,Front Bumper Lower Valance,Valence de pare-chocs avant,Underbody Shields,Model 3,Tesla Model 3 · Jun 2017 – Dec 2023,,1084174-00-D | 1084174-99-D,1084174,TA1228100,https://maplev.ca/parts/tesla-model-3-front-bumper-lower-valance-1084174-00-d/?utm_source=oe-dataset&utm_medium=dataset&utm_campaign=oe-cross-reference,https://maplev.ca/fr/parts/tesla-model-3-front-bumper-lower-valance-1084174-00-d/?utm_source=oe-dataset&utm_medium=dataset&utm_campaign=oe-cross-reference,MapleV (maplev.ca)
P-029,Front Aero Shield Splash Guard,Bouclier aérodynamique avant (protecteur de soubassement),Underbody Shields,Model 3 | Model 3 Highland | Model Y | Model Y Juniper,"Tesla Model 3, Tesla Model 3 Highland, Tesla Model Y, Tesla Model Y Juniper · Jun 2017 – Dec 2023 · Jan 2024– · Jan 2020 – Jan 2025 · Feb 2025–",,1499151-00-C | 1622740-00-B | 1499151-00-D | 1499151-00-E,1499151 | 1622740,TA1228103,https://maplev.ca/parts/tesla-model-3-y-front-aero-shield-splash-guard-1499151-00-c/?utm_source=oe-dataset&utm_medium=dataset&utm_campaign=oe-cross-reference,https://maplev.ca/fr/parts/tesla-model-3-y-front-aero-shield-splash-guard-1499151-00-c/?utm_source=oe-dataset&utm_medium=dataset&utm_campaign=oe-cross-reference,MapleV (maplev.ca)
P-030,Rear Aero Shield,Bouclier aérodynamique arrière (protecteur de soubassement),Underbody Shields,Model 3 | Model 3 Highland | Model Y,"Tesla Model 3, Tesla Model 3 Highland, Tesla Model Y · Jun 2017 – Dec 2023 · Jan 2024– · Jan 2020 – Jan 2025",,1498771-00-E | 1104313-00-B | 1498771-00-D | 1498771-00-F,1498771 | 1104313,,https://maplev.ca/parts/tesla-model-3-y-rear-aero-shield-1498771-00-e/?utm_source=oe-dataset&utm_medium=dataset&utm_campaign=oe-cross-reference,https://maplev.ca/fr/parts/tesla-model-3-y-rear-aero-shield-1498771-00-e/?utm_source=oe-dataset&utm_medium=dataset&utm_campaign=oe-cross-reference,MapleV (maplev.ca)
P-031,Rear Bumper Diffuser,Diffuseur de pare-chocs arrière,Underbody Shields,Model 3,Tesla Model 3 · Jun 2017 – Dec 2023,,1135410-00-A | 1137819-00-A,1135410 | 1137819,TA1228102,https://maplev.ca/parts/tesla-model-3-rear-bumper-diffuser-1135410-00-a/?utm_source=oe-dataset&utm_medium=dataset&utm_campaign=oe-cross-reference,https://maplev.ca/fr/parts/tesla-model-3-rear-bumper-diffuser-1135410-00-a/?utm_source=oe-dataset&utm_medium=dataset&utm_campaign=oe-cross-reference,MapleV (maplev.ca)
P-032,Rocker Cover Assembly - Left,Couvercle de bas de caisse (ensemble) – gauche,Rocker Panels,Model 3,Tesla Model 3 · Jun 2017 – Dec 2023,Left,1089828-00-D | 1089828-00-E,1089828,,https://maplev.ca/parts/tesla-model-3-rocker-cover-assembly-left-1089828-00-d/?utm_source=oe-dataset&utm_medium=dataset&utm_campaign=oe-cross-reference,https://maplev.ca/fr/parts/tesla-model-3-rocker-cover-assembly-left-1089828-00-d/?utm_source=oe-dataset&utm_medium=dataset&utm_campaign=oe-cross-reference,MapleV (maplev.ca)
P-033,Rocker Cover Assembly - Right,Couvercle de bas de caisse (ensemble) – droit,Rocker Panels,Model 3,Tesla Model 3 · Jun 2017 – Dec 2023,Right,1089829-00-D | 1089829-00-E,1089829,,https://maplev.ca/parts/tesla-model-3-rocker-cover-assembly-right-1089829-00-d/?utm_source=oe-dataset&utm_medium=dataset&utm_campaign=oe-cross-reference,https://maplev.ca/fr/parts/tesla-model-3-rocker-cover-assembly-right-1089829-00-d/?utm_source=oe-dataset&utm_medium=dataset&utm_campaign=oe-cross-reference,MapleV (maplev.ca)
P-034,Washer Reservoir Cap,Bouchon de réservoir de lave-glace,Radiators & Cooling,Model 3 | Model Y,"Tesla Model 3, Tesla Model Y · Jun 2017 – Dec 2023 · Jan 2020 – Jan 2025",,1607951-00-A | 1131028-00-A,1607951 | 1131028,,https://maplev.ca/parts/tesla-model-3-y-washer-reservoir-cap-1607951-00-a/?utm_source=oe-dataset&utm_medium=dataset&utm_campaign=oe-cross-reference,https://maplev.ca/fr/parts/tesla-model-3-y-washer-reservoir-cap-1607951-00-a/?utm_source=oe-dataset&utm_medium=dataset&utm_campaign=oe-cross-reference,MapleV (maplev.ca)
P-035,Radiator Support Front Bumper Carrier Assembly,Support de radiateur (ensemble d'extrémité frontale),Radiators & Cooling,Model 3,Tesla Model 3 · Jun 2017 – Dec 2023,,1110240-00-B | 1610864-00-B,1110240 | 1610864,TA1225100,https://maplev.ca/parts/tesla-model-3-radiator-support-front-bumper-carrier-assembly-1110240-00-b/?utm_source=oe-dataset&utm_medium=dataset&utm_campaign=oe-cross-reference,https://maplev.ca/fr/parts/tesla-model-3-radiator-support-front-bumper-carrier-assembly-1110240-00-b/?utm_source=oe-dataset&utm_medium=dataset&utm_campaign=oe-cross-reference,MapleV (maplev.ca)
P-036,Front Trunk (Frunk) Apron Rear,Tablier sous le capot – arrière (coffre avant),Hood & Front End Parts,Model 3,Tesla Model 3 · Jun 2017 – Dec 2023,,1081675-00-E,1081675,,https://maplev.ca/parts/tesla-model-3-front-trunk-frunk-apron-rear-1081675-00-e/?utm_source=oe-dataset&utm_medium=dataset&utm_campaign=oe-cross-reference,https://maplev.ca/fr/parts/tesla-model-3-front-trunk-frunk-apron-rear-1081675-00-e/?utm_source=oe-dataset&utm_medium=dataset&utm_campaign=oe-cross-reference,MapleV (maplev.ca)
P-038,Active Grille Shutter Assembly,Obturateur de grille active (ensemble),Grilles & Air Intakes,Model 3,Tesla Model 3 · Jun 2017 – 2020,,1076732-00-H | 1076732-00-G,1076732,,https://maplev.ca/parts/tesla-model-3-active-grille-shutter-assembly-1076732-00-h/?utm_source=oe-dataset&utm_medium=dataset&utm_campaign=oe-cross-reference,https://maplev.ca/fr/parts/tesla-model-3-active-grille-shutter-assembly-1076732-00-h/?utm_source=oe-dataset&utm_medium=dataset&utm_campaign=oe-cross-reference,MapleV (maplev.ca)
P-039,Front Trunk (Frunk),Bac de coffre avant (frunk),Hood & Front End Parts,Model 3,Tesla Model 3 · Jun 2017 – 2020,,1509565-00-A,1509565,,https://maplev.ca/parts/tesla-model-3-front-trunk-frunk-1509565-00-a/?utm_source=oe-dataset&utm_medium=dataset&utm_campaign=oe-cross-reference,https://maplev.ca/fr/parts/tesla-model-3-front-trunk-frunk-1509565-00-a/?utm_source=oe-dataset&utm_medium=dataset&utm_campaign=oe-cross-reference,MapleV (maplev.ca)
P-040,Front Trunk (Frunk) Closeout Panel,Panneau de fermeture de coffre avant (frunk),Hood & Front End Parts,Model 3,Tesla Model 3 · Jun 2017 – Dec 2023,,1645355-00-B,1645355,,https://maplev.ca/parts/tesla-model-3-front-trunk-frunk-closeout-panel-1645355-00-b/?utm_source=oe-dataset&utm_medium=dataset&utm_campaign=oe-cross-reference,https://maplev.ca/fr/parts/tesla-model-3-front-trunk-frunk-closeout-panel-1645355-00-b/?utm_source=oe-dataset&utm_medium=dataset&utm_campaign=oe-cross-reference,MapleV (maplev.ca)
P-041,Front Wheel Liner - Left,Fausse-aile avant (doublure d'aile) – gauche,Wheel & Fender Liners,Model 3,Tesla Model 3 · Jun 2017 – Dec 2023,Left,1081581-00-D | 1081581-00-C | 1081581-00-E,1081581,TA1248100,https://maplev.ca/parts/tesla-model-3-front-wheel-liner-left-1081581-00-d/?utm_source=oe-dataset&utm_medium=dataset&utm_campaign=oe-cross-reference,https://maplev.ca/fr/parts/tesla-model-3-front-wheel-liner-left-1081581-00-d/?utm_source=oe-dataset&utm_medium=dataset&utm_campaign=oe-cross-reference,MapleV (maplev.ca)
P-042,Front Wheel Liner - Right,Fausse-aile avant (doublure d'aile) – droite,Wheel & Fender Liners,Model 3,Tesla Model 3 · Jun 2017 – Dec 2023,Right,1081582-00-D | 1081582-00-C | 1081582-00-E,1081582,TA1249100,https://maplev.ca/parts/tesla-model-3-front-wheel-liner-right-1081582-00-d/?utm_source=oe-dataset&utm_medium=dataset&utm_campaign=oe-cross-reference,https://maplev.ca/fr/parts/tesla-model-3-front-wheel-liner-right-1081582-00-d/?utm_source=oe-dataset&utm_medium=dataset&utm_campaign=oe-cross-reference,MapleV (maplev.ca)
P-043,Rear Wheel Liner Assembly - Left,"Fausse-aile arrière (doublure d'aile, ensemble) – gauche",Wheel & Fender Liners,Model 3,Tesla Model 3 · Jun 2017 – Dec 2023,Left,1081583-00-C | 1081583-00-B | 1081583-00-D,1081583,,https://maplev.ca/parts/tesla-model-3-rear-wheel-liner-assembly-left-1081583-00-c/?utm_source=oe-dataset&utm_medium=dataset&utm_campaign=oe-cross-reference,https://maplev.ca/fr/parts/tesla-model-3-rear-wheel-liner-assembly-left-1081583-00-c/?utm_source=oe-dataset&utm_medium=dataset&utm_campaign=oe-cross-reference,MapleV (maplev.ca)
P-044,Rear Wheel Liner Assembly - Right,"Fausse-aile arrière (doublure d'aile, ensemble) – droite",Wheel & Fender Liners,Model 3,Tesla Model 3 · Jun 2017 – Dec 2023,Right,1081584-00-C | 1081584-00-B | 1081584-00-D,1081584,,https://maplev.ca/parts/tesla-model-3-rear-wheel-liner-assembly-right-1081584-00-c/?utm_source=oe-dataset&utm_medium=dataset&utm_campaign=oe-cross-reference,https://maplev.ca/fr/parts/tesla-model-3-rear-wheel-liner-assembly-right-1081584-00-c/?utm_source=oe-dataset&utm_medium=dataset&utm_campaign=oe-cross-reference,MapleV (maplev.ca)
P-045,Front Bumper Upper Fascia Unpainted,Couvre-pare-chocs supérieur avant non peint,Front Bumper Parts,Model 3 Highland,Tesla Model 3 Highland · Jan 2024–,,2013442-S0-G | 1694314-SC-G,2013442 | 1694314,TA1000105,https://maplev.ca/parts/tesla-model-3-highland-front-bumper-upper-fascia-unpainted-2013442-s0-g/?utm_source=oe-dataset&utm_medium=dataset&utm_campaign=oe-cross-reference,https://maplev.ca/fr/parts/tesla-model-3-highland-front-bumper-upper-fascia-unpainted-2013442-s0-g/?utm_source=oe-dataset&utm_medium=dataset&utm_campaign=oe-cross-reference,MapleV (maplev.ca)
P-046,Front Bumper Upper Fascia Unpainted (With Logo),Couvre-pare-chocs supérieur avant non peint (avec logo),Front Bumper Parts,Model 3 Highland,Tesla Model 3 Highland · Jan 2024–,,2013442-S0-G | 1694314-SC-G,2013442 | 1694314,TA1000105,https://maplev.ca/parts/tesla-model-3-highland-front-bumper-upper-fascia-unpainted-with-logo-2013442-s0-g/?utm_source=oe-dataset&utm_medium=dataset&utm_campaign=oe-cross-reference,https://maplev.ca/fr/parts/tesla-model-3-highland-front-bumper-upper-fascia-unpainted-with-logo-2013442-s0-g/?utm_source=oe-dataset&utm_medium=dataset&utm_campaign=oe-cross-reference,MapleV (maplev.ca)
P-047,Headlamp Bracket - Left,Support de phare – gauche,Headlights & Tail Lights,Model 3 Highland,Tesla Model 3 Highland · Jan 2024–,Left,2040184-00-A,2040184,,https://maplev.ca/parts/tesla-model-3-highland-headlamp-bracket-left-2040184-00-a/?utm_source=oe-dataset&utm_medium=dataset&utm_campaign=oe-cross-reference,https://maplev.ca/fr/parts/tesla-model-3-highland-headlamp-bracket-left-2040184-00-a/?utm_source=oe-dataset&utm_medium=dataset&utm_campaign=oe-cross-reference,MapleV (maplev.ca)
P-048,Headlamp Bracket - Right,Support de phare – droit,Headlights & Tail Lights,Model 3 Highland,Tesla Model 3 Highland · Jan 2024–,Right,2040185-00-A,2040185,,https://maplev.ca/parts/tesla-model-3-highland-headlamp-bracket-right-2040185-00-a/?utm_source=oe-dataset&utm_medium=dataset&utm_campaign=oe-cross-reference,https://maplev.ca/fr/parts/tesla-model-3-highland-headlamp-bracket-right-2040185-00-a/?utm_source=oe-dataset&utm_medium=dataset&utm_campaign=oe-cross-reference,MapleV (maplev.ca)
P-049,Lower Grille Front Fascia,Grille inférieure de pare-chocs avant,Grilles & Air Intakes,Model 3 Highland,Tesla Model 3 Highland · Jan 2024–,,1694311-00-F | 2145023-00-A,1694311 | 2145023,TA1036102,https://maplev.ca/parts/tesla-model-3-highland-lower-grille-front-fascia-1694311-00-f/?utm_source=oe-dataset&utm_medium=dataset&utm_campaign=oe-cross-reference,https://maplev.ca/fr/parts/tesla-model-3-highland-lower-grille-front-fascia-1694311-00-f/?utm_source=oe-dataset&utm_medium=dataset&utm_campaign=oe-cross-reference,MapleV (maplev.ca)
P-050,Front Bumper Side Bracket - Left,Support latéral de pare-chocs avant – gauche,Front Bumper Parts,Model 3 Highland,Tesla Model 3 Highland · Jan 2024–,Left,1774268-00-E | 1774268-00-F | 1774268-00-G,1774268,,https://maplev.ca/parts/tesla-model-3-highland-front-bumper-side-bracket-left-1774268-00-e/?utm_source=oe-dataset&utm_medium=dataset&utm_campaign=oe-cross-reference,https://maplev.ca/fr/parts/tesla-model-3-highland-front-bumper-side-bracket-left-1774268-00-e/?utm_source=oe-dataset&utm_medium=dataset&utm_campaign=oe-cross-reference,MapleV (maplev.ca)
P-051,Front Bumper Side Bracket - Right,Support latéral de pare-chocs avant – droit,Front Bumper Parts,Model 3 Highland,Tesla Model 3 Highland · Jan 2024–,Right,1774269-00-E | 1774269-00-F | 1774269-00-G,1774269,,https://maplev.ca/parts/tesla-model-3-highland-front-bumper-side-bracket-right-1774269-00-e/?utm_source=oe-dataset&utm_medium=dataset&utm_campaign=oe-cross-reference,https://maplev.ca/fr/parts/tesla-model-3-highland-front-bumper-side-bracket-right-1774269-00-e/?utm_source=oe-dataset&utm_medium=dataset&utm_campaign=oe-cross-reference,MapleV (maplev.ca)
P-052,Front Bumper Center Bracket - Left,Support central de pare-chocs avant – gauche,Front Bumper Parts,Model 3 Highland,Tesla Model 3 Highland · Jan 2024–,Left,1734299-00-H,1734299,,https://maplev.ca/parts/tesla-model-3-highland-front-bumper-center-bracket-left-1734299-00-h/?utm_source=oe-dataset&utm_medium=dataset&utm_campaign=oe-cross-reference,https://maplev.ca/fr/parts/tesla-model-3-highland-front-bumper-center-bracket-left-1734299-00-h/?utm_source=oe-dataset&utm_medium=dataset&utm_campaign=oe-cross-reference,MapleV (maplev.ca)
P-053,Front Bumper Center Bracket - Right,Support central de pare-chocs avant – droit,Front Bumper Parts,Model 3 Highland,Tesla Model 3 Highland · Jan 2024–,Right,1734300-00-H,1734300,,https://maplev.ca/parts/tesla-model-3-highland-front-bumper-center-bracket-right-1734300-00-h/?utm_source=oe-dataset&utm_medium=dataset&utm_campaign=oe-cross-reference,https://maplev.ca/fr/parts/tesla-model-3-highland-front-bumper-center-bracket-right-1734300-00-h/?utm_source=oe-dataset&utm_medium=dataset&utm_campaign=oe-cross-reference,MapleV (maplev.ca)
P-054,Tow Hook Cover,Couvercle de crochet de remorquage avant,Front Bumper Parts,Model 3 Highland,Tesla Model 3 Highland · Jan 2024–,,1694316-00-E | 1694316-20-E,1694316,,https://maplev.ca/parts/tesla-model-3-highland-tow-hook-cover-1694316-00-e/?utm_source=oe-dataset&utm_medium=dataset&utm_campaign=oe-cross-reference,https://maplev.ca/fr/parts/tesla-model-3-highland-tow-hook-cover-1694316-00-e/?utm_source=oe-dataset&utm_medium=dataset&utm_campaign=oe-cross-reference,MapleV (maplev.ca)
P-055,Ankle Catcher,Attrape-cheville,Front Bumper Parts,Model 3 Highland,Tesla Model 3 Highland · Jan 2024–,,1694328-00-D | 1694328-00-E,1694328,,https://maplev.ca/parts/tesla-model-3-highland-ankle-catcher-1694328-00-d/?utm_source=oe-dataset&utm_medium=dataset&utm_campaign=oe-cross-reference,https://maplev.ca/fr/parts/tesla-model-3-highland-ankle-catcher-1694328-00-d/?utm_source=oe-dataset&utm_medium=dataset&utm_campaign=oe-cross-reference,MapleV (maplev.ca)
P-056,Ankle Catcher Bracket - Left,Support d'attrape-cheville – gauche,Front Bumper Parts,Model 3 Highland,Tesla Model 3 Highland · Jan 2024–,Left,1694328-00-D,1694328,,https://maplev.ca/parts/tesla-model-3-highland-ankle-catcher-bracket-left-1694328-00-d/?utm_source=oe-dataset&utm_medium=dataset&utm_campaign=oe-cross-reference,https://maplev.ca/fr/parts/tesla-model-3-highland-ankle-catcher-bracket-left-1694328-00-d/?utm_source=oe-dataset&utm_medium=dataset&utm_campaign=oe-cross-reference,MapleV (maplev.ca)
P-057,Ankle Catcher Bracket - Right,Support d'attrape-cheville – droit,Front Bumper Parts,Model 3 Highland,Tesla Model 3 Highland · Jan 2024–,Right,1694328-00-D,1694328,,https://maplev.ca/parts/tesla-model-3-highland-ankle-catcher-bracket-right-1694328-00-d/?utm_source=oe-dataset&utm_medium=dataset&utm_campaign=oe-cross-reference,https://maplev.ca/fr/parts/tesla-model-3-highland-ankle-catcher-bracket-right-1694328-00-d/?utm_source=oe-dataset&utm_medium=dataset&utm_campaign=oe-cross-reference,MapleV (maplev.ca)
P-058,Bumper Beam Foam,Mousse de poutre de pare-chocs avant,Front Bumper Parts,Model 3 Highland,Tesla Model 3 Highland · Jan 2024–,,1741046-00-G | 1741046-00-F,1741046,,https://maplev.ca/parts/tesla-model-3-highland-bumper-beam-foam-1741046-00-g/?utm_source=oe-dataset&utm_medium=dataset&utm_campaign=oe-cross-reference,https://maplev.ca/fr/parts/tesla-model-3-highland-bumper-beam-foam-1741046-00-g/?utm_source=oe-dataset&utm_medium=dataset&utm_campaign=oe-cross-reference,MapleV (maplev.ca)
P-059,Radiator Support Front Bumper Carrier Assembly,Support de radiateur (ensemble d'extrémité frontale),Radiators & Cooling,Model 3 Highland,Tesla Model 3 Highland · Jan 2024–,,1711743-00-G,1711743,,https://maplev.ca/parts/tesla-model-3-highland-radiator-support-front-bumper-carrier-assembly-1711743-00-g/?utm_source=oe-dataset&utm_medium=dataset&utm_campaign=oe-cross-reference,https://maplev.ca/fr/parts/tesla-model-3-highland-radiator-support-front-bumper-carrier-assembly-1711743-00-g/?utm_source=oe-dataset&utm_medium=dataset&utm_campaign=oe-cross-reference,MapleV (maplev.ca)
P-060,Front Trunk (Frunk) Liner Assembly,"Bac de coffre avant (frunk, ensemble)",Hood & Front End Parts,Model 3 Highland,Tesla Model 3 Highland · Jan 2024–,,1694493-00-H | 1694493-00-J,1694493,,https://maplev.ca/parts/tesla-model-3-highland-front-trunk-frunk-liner-assembly-1694493-00-h/?utm_source=oe-dataset&utm_medium=dataset&utm_campaign=oe-cross-reference,https://maplev.ca/fr/parts/tesla-model-3-highland-front-trunk-frunk-liner-assembly-1694493-00-h/?utm_source=oe-dataset&utm_medium=dataset&utm_campaign=oe-cross-reference,MapleV (maplev.ca)
P-061,Front Trunk (Frunk) Access Panel,Panneau d'accès de coffre avant (frunk),Hood & Front End Parts,Model 3 Highland,Tesla Model 3 Highland · Jan 2024–,,1982487-00-B | 1713288-00-F,1982487 | 1713288,,https://maplev.ca/parts/tesla-model-3-highland-front-trunk-frunk-access-panel-1982487-00-b/?utm_source=oe-dataset&utm_medium=dataset&utm_campaign=oe-cross-reference,https://maplev.ca/fr/parts/tesla-model-3-highland-front-trunk-frunk-access-panel-1982487-00-b/?utm_source=oe-dataset&utm_medium=dataset&utm_campaign=oe-cross-reference,MapleV (maplev.ca)
P-062,Active Grille Shutter Assembly,Obturateur de grille active (ensemble),Grilles & Air Intakes,Model 3 | Model 3 Highland,"Tesla Model 3, Tesla Model 3 Highland · 2021 – Dec 2023 · Jan 2024–",,1559787-00-A,1559787,,https://maplev.ca/parts/tesla-model-3-highland-active-grille-shutter-assembly-1559787-00-a/?utm_source=oe-dataset&utm_medium=dataset&utm_campaign=oe-cross-reference,https://maplev.ca/fr/parts/tesla-model-3-highland-active-grille-shutter-assembly-1559787-00-a/?utm_source=oe-dataset&utm_medium=dataset&utm_campaign=oe-cross-reference,MapleV (maplev.ca)
P-063,Front Bumper Lower Shield,Protecteur inférieur de pare-chocs avant,Underbody Shields,Model 3 Highland,Tesla Model 3 Highland · Jan 2024–,,1694313-99-A | 1694313-00-L | 1771474-00-K,1694313 | 1771474,,https://maplev.ca/parts/tesla-model-3-highland-front-bumper-lower-shield-1694313-99-a/?utm_source=oe-dataset&utm_medium=dataset&utm_campaign=oe-cross-reference,https://maplev.ca/fr/parts/tesla-model-3-highland-front-bumper-lower-shield-1694313-99-a/?utm_source=oe-dataset&utm_medium=dataset&utm_campaign=oe-cross-reference,MapleV (maplev.ca)
P-064,Rear Bumper Diffuser,Diffuseur de pare-chocs arrière,Underbody Shields,Model 3 Highland,Tesla Model 3 Highland · Jan 2024–,,1582583-00-D | 1784689-00-D,1582583 | 1784689,,https://maplev.ca/parts/tesla-model-3-highland-rear-bumper-diffuser-1582583-00-d/?utm_source=oe-dataset&utm_medium=dataset&utm_campaign=oe-cross-reference,https://maplev.ca/fr/parts/tesla-model-3-highland-rear-bumper-diffuser-1582583-00-d/?utm_source=oe-dataset&utm_medium=dataset&utm_campaign=oe-cross-reference,MapleV (maplev.ca)
P-065,Rear Bumper Tow Hitch Cover,Couvercle d'attache-remorque (pare-chocs arrière),Underbody Shields,Model 3 Highland,Tesla Model 3 Highland · Jan 2024–,,1713689-00-C | 1784692-00-B,1713689 | 1784692,,https://maplev.ca/parts/tesla-model-3-highland-rear-bumper-tow-hitch-cover-1713689-00-c/?utm_source=oe-dataset&utm_medium=dataset&utm_campaign=oe-cross-reference,https://maplev.ca/fr/parts/tesla-model-3-highland-rear-bumper-tow-hitch-cover-1713689-00-c/?utm_source=oe-dataset&utm_medium=dataset&utm_campaign=oe-cross-reference,MapleV (maplev.ca)
P-066,Rear Bumper Upper Fascia Unpainted,Couvre-pare-chocs supérieur arrière non peint,Rear Bumper Parts,Model 3 Highland,Tesla Model 3 Highland · Jan 2024–,,2013443-S0-D | 1582571-SC-C | 1582571-SC-D,2013443 | 1582571,,https://maplev.ca/parts/tesla-model-3-highland-rear-bumper-upper-fascia-unpainted-2013443-s0-d/?utm_source=oe-dataset&utm_medium=dataset&utm_campaign=oe-cross-reference,https://maplev.ca/fr/parts/tesla-model-3-highland-rear-bumper-upper-fascia-unpainted-2013443-s0-d/?utm_source=oe-dataset&utm_medium=dataset&utm_campaign=oe-cross-reference,MapleV (maplev.ca)
P-067,Rear Bumper Upper Fascia Unpainted (With Logo),Couvre-pare-chocs supérieur arrière non peint (avec logo),Rear Bumper Parts,Model 3 Highland,Tesla Model 3 Highland · Jan 2024–,,2013443-S0-D | 1582571-SC-C | 1582571-SC-D,2013443 | 1582571,,https://maplev.ca/parts/tesla-model-3-highland-rear-bumper-upper-fascia-unpainted-with-logo-2013443-s0-d/?utm_source=oe-dataset&utm_medium=dataset&utm_campaign=oe-cross-reference,https://maplev.ca/fr/parts/tesla-model-3-highland-rear-bumper-upper-fascia-unpainted-with-logo-2013443-s0-d/?utm_source=oe-dataset&utm_medium=dataset&utm_campaign=oe-cross-reference,MapleV (maplev.ca)
P-068,Rear Bumper Tow Hook Cover,Couvercle de crochet de remorquage arrière,Rear Bumper Parts,Model 3 Highland,Tesla Model 3 Highland · Jan 2024–,,1582574-00-C | 2058358-00-A,1582574 | 2058358,,https://maplev.ca/parts/tesla-model-3-highland-rear-bumper-tow-hook-cover-1582574-00-c/?utm_source=oe-dataset&utm_medium=dataset&utm_campaign=oe-cross-reference,https://maplev.ca/fr/parts/tesla-model-3-highland-rear-bumper-tow-hook-cover-1582574-00-c/?utm_source=oe-dataset&utm_medium=dataset&utm_campaign=oe-cross-reference,MapleV (maplev.ca)
P-069,Rear Bumper Lower Fascia,Couvre-pare-chocs inférieur arrière,Rear Bumper Parts,Model 3 Highland,Tesla Model 3 Highland · Jan 2024–,,1582581-00-C | 1582581-00-D,1582581,TA1115101,https://maplev.ca/parts/tesla-model-3-highland-rear-bumper-lower-fascia-1582581-00-c/?utm_source=oe-dataset&utm_medium=dataset&utm_campaign=oe-cross-reference,https://maplev.ca/fr/parts/tesla-model-3-highland-rear-bumper-lower-fascia-1582581-00-c/?utm_source=oe-dataset&utm_medium=dataset&utm_campaign=oe-cross-reference,MapleV (maplev.ca)
P-070,Tail Lamp Bracket - Left,Support de feu arrière – gauche,Headlights & Tail Lights,Model 3 Highland,Tesla Model 3 Highland · Jan 2024–,Left,1755642-00-E | 1755642-00-D,1755642,,https://maplev.ca/parts/tesla-model-3-highland-tail-lamp-bracket-left-1755642-00-e/?utm_source=oe-dataset&utm_medium=dataset&utm_campaign=oe-cross-reference,https://maplev.ca/fr/parts/tesla-model-3-highland-tail-lamp-bracket-left-1755642-00-e/?utm_source=oe-dataset&utm_medium=dataset&utm_campaign=oe-cross-reference,MapleV (maplev.ca)
P-071,Tail Lamp Bracket - Right,Support de feu arrière – droit,Headlights & Tail Lights,Model 3 Highland,Tesla Model 3 Highland · Jan 2024–,Right,1755643-00-E | 1755643-00-D,1755643,,https://maplev.ca/parts/tesla-model-3-highland-tail-lamp-bracket-right-1755643-00-e/?utm_source=oe-dataset&utm_medium=dataset&utm_campaign=oe-cross-reference,https://maplev.ca/fr/parts/tesla-model-3-highland-tail-lamp-bracket-right-1755643-00-e/?utm_source=oe-dataset&utm_medium=dataset&utm_campaign=oe-cross-reference,MapleV (maplev.ca)
P-072,Rear Wing Bracket Assembly - Left,Support latéral de pare-chocs arrière (ensemble) – gauche,Rear Bumper Parts,Model 3 Highland,Tesla Model 3 Highland · Jan 2024–,Left,1762734-00-C,1762734,TA1142102,https://maplev.ca/parts/tesla-model-3-highland-rear-wing-bracket-assembly-left-1762734-00-c/?utm_source=oe-dataset&utm_medium=dataset&utm_campaign=oe-cross-reference,https://maplev.ca/fr/parts/tesla-model-3-highland-rear-wing-bracket-assembly-left-1762734-00-c/?utm_source=oe-dataset&utm_medium=dataset&utm_campaign=oe-cross-reference,MapleV (maplev.ca)
P-073,Rear Wing Bracket Assembly - Right,Support latéral de pare-chocs arrière (ensemble) – droit,Rear Bumper Parts,Model 3 Highland,Tesla Model 3 Highland · Jan 2024–,Right,1762735-00-C,1762735,TA1143102,https://maplev.ca/parts/tesla-model-3-highland-rear-wing-bracket-assembly-right-1762735-00-c/?utm_source=oe-dataset&utm_medium=dataset&utm_campaign=oe-cross-reference,https://maplev.ca/fr/parts/tesla-model-3-highland-rear-wing-bracket-assembly-right-1762735-00-c/?utm_source=oe-dataset&utm_medium=dataset&utm_campaign=oe-cross-reference,MapleV (maplev.ca)
P-074,Rear Fascia Center Bracket,Support central de pare-chocs arrière,Rear Bumper Parts,Model 3 Highland,Tesla Model 3 Highland · Jan 2024–,,1757096-00-D | 1757096-00-C,1757096,TA1140101,https://maplev.ca/parts/tesla-model-3-highland-rear-fascia-center-bracket-1757096-00-d/?utm_source=oe-dataset&utm_medium=dataset&utm_campaign=oe-cross-reference,https://maplev.ca/fr/parts/tesla-model-3-highland-rear-fascia-center-bracket-1757096-00-d/?utm_source=oe-dataset&utm_medium=dataset&utm_campaign=oe-cross-reference,MapleV (maplev.ca)
P-075,Front Wheel Arch Liner Assembly - Left,"Fausse-aile avant (doublure d'aile, ensemble) – gauche",Wheel & Fender Liners,Model 3 Highland,Tesla Model 3 Highland · Jan 2024–,Left,1694553-00-E,1694553,TA1248104,https://maplev.ca/parts/tesla-model-3-highland-front-wheel-arch-liner-assembly-left-1694553-00-e/?utm_source=oe-dataset&utm_medium=dataset&utm_campaign=oe-cross-reference,https://maplev.ca/fr/parts/tesla-model-3-highland-front-wheel-arch-liner-assembly-left-1694553-00-e/?utm_source=oe-dataset&utm_medium=dataset&utm_campaign=oe-cross-reference,MapleV (maplev.ca)
P-076,Front Wheel Arch Liner Assembly - Right,"Fausse-aile avant (doublure d'aile, ensemble) – droite",Wheel & Fender Liners,Model 3 Highland,Tesla Model 3 Highland · Jan 2024–,Right,1694557-00-E,1694557,TA1249104,https://maplev.ca/parts/tesla-model-3-highland-front-wheel-arch-liner-assembly-right-1694557-00-e/?utm_source=oe-dataset&utm_medium=dataset&utm_campaign=oe-cross-reference,https://maplev.ca/fr/parts/tesla-model-3-highland-front-wheel-arch-liner-assembly-right-1694557-00-e/?utm_source=oe-dataset&utm_medium=dataset&utm_campaign=oe-cross-reference,MapleV (maplev.ca)
P-077,Front Bumper Upper Fascia Unpainted (Performance),Couvre-pare-chocs supérieur avant non peint (Performance),Front Bumper Parts,Model 3 Highland,Tesla Model 3 Highland · Jan 2024–,,2013441-S0-F | 1818915-SC-E | 2013441-S0-E | 1818918-00-F,2013441 | 1818915 | 1818918,,https://maplev.ca/parts/tesla-model-3-highland-front-bumper-upper-fascia-unpainted-performance-2013441-s0-f/?utm_source=oe-dataset&utm_medium=dataset&utm_campaign=oe-cross-reference,https://maplev.ca/fr/parts/tesla-model-3-highland-front-bumper-upper-fascia-unpainted-performance-2013441-s0-f/?utm_source=oe-dataset&utm_medium=dataset&utm_campaign=oe-cross-reference,MapleV (maplev.ca)
P-078,Front Bumper Lower Fascia (Performance),Couvre-pare-chocs inférieur avant (Performance),Front Bumper Parts,Model 3 Highland,Tesla Model 3 Highland · Jan 2024–,,1818924-00-E,1818924,,https://maplev.ca/parts/tesla-model-3-highland-front-bumper-lower-fascia-performance-1818924-00-e/?utm_source=oe-dataset&utm_medium=dataset&utm_campaign=oe-cross-reference,https://maplev.ca/fr/parts/tesla-model-3-highland-front-bumper-lower-fascia-performance-1818924-00-e/?utm_source=oe-dataset&utm_medium=dataset&utm_campaign=oe-cross-reference,MapleV (maplev.ca)
P-079,Front Lower Grille (Performance),Grille inférieure de pare-chocs avant (Performance),Grilles & Air Intakes,Model 3 Highland,Tesla Model 3 Highland · Jan 2024–,,1937542-00-A | 1818923-00-C,1937542 | 1818923,,https://maplev.ca/parts/tesla-model-3-highland-front-lower-grille-performance-1937542-00-a/?utm_source=oe-dataset&utm_medium=dataset&utm_campaign=oe-cross-reference,https://maplev.ca/fr/parts/tesla-model-3-highland-front-lower-grille-performance-1937542-00-a/?utm_source=oe-dataset&utm_medium=dataset&utm_campaign=oe-cross-reference,MapleV (maplev.ca)
P-080,Rear Bumper Lower Fascia (Performance),Couvre-pare-chocs inférieur arrière (Performance),Rear Bumper Parts,Model 3 Highland,Tesla Model 3 Highland · Jan 2024–,,1831979-00-B | 1831979-00-A,1831979,TA1115102,https://maplev.ca/parts/tesla-model-3-highland-rear-bumper-lower-fascia-performance-1831979-00-b/?utm_source=oe-dataset&utm_medium=dataset&utm_campaign=oe-cross-reference,https://maplev.ca/fr/parts/tesla-model-3-highland-rear-bumper-lower-fascia-performance-1831979-00-b/?utm_source=oe-dataset&utm_medium=dataset&utm_campaign=oe-cross-reference,MapleV (maplev.ca)
P-081,Front Bumper Lower Valance (Performance),Valence de pare-chocs avant (Performance),Underbody Shields,Model 3 Highland,Tesla Model 3 Highland · Jan 2024–,,1818925-00-I | 1818922-00-J | 1818922-00-H | 1818922-00-I,1818925 | 1818922,,https://maplev.ca/parts/tesla-model-3-highland-front-bumper-lower-valance-performance-1818925-00-i/?utm_source=oe-dataset&utm_medium=dataset&utm_campaign=oe-cross-reference,https://maplev.ca/fr/parts/tesla-model-3-highland-front-bumper-lower-valance-performance-1818925-00-i/?utm_source=oe-dataset&utm_medium=dataset&utm_campaign=oe-cross-reference,MapleV (maplev.ca)
P-082,Rear Bumper Diffuser (Performance),Diffuseur de pare-chocs arrière (Performance),Underbody Shields,Model 3 Highland,Tesla Model 3 Highland · Jan 2024–,,1831986-00-C | 1831986-00-B | 1831981-00-C,1831986 | 1831981,,https://maplev.ca/parts/tesla-model-3-highland-rear-bumper-diffuser-performance-1831986-00-c/?utm_source=oe-dataset&utm_medium=dataset&utm_campaign=oe-cross-reference,https://maplev.ca/fr/parts/tesla-model-3-highland-rear-bumper-diffuser-performance-1831986-00-c/?utm_source=oe-dataset&utm_medium=dataset&utm_campaign=oe-cross-reference,MapleV (maplev.ca)
P-083,Rear Bumper Tow Hitch Cover (Performance),"Couvercle d'attache-remorque (pare-chocs arrière, Performance)",Underbody Shields,Model 3 Highland,Tesla Model 3 Highland · Jan 2024–,,1831984-00-A,1831984,,https://maplev.ca/parts/tesla-model-3-highland-rear-bumper-tow-hitch-cover-performance-1831984-00-a/?utm_source=oe-dataset&utm_medium=dataset&utm_campaign=oe-cross-reference,https://maplev.ca/fr/parts/tesla-model-3-highland-rear-bumper-tow-hitch-cover-performance-1831984-00-a/?utm_source=oe-dataset&utm_medium=dataset&utm_campaign=oe-cross-reference,MapleV (maplev.ca)
P-084,Ankle Catcher (Performance),Attrape-cheville (Performance),Front Bumper Parts,Model 3 Highland,Tesla Model 3 Highland · Jan 2024–,,1772362-00-E | 1772362-00-F,1772362,,https://maplev.ca/parts/tesla-model-3-highland-ankle-catcher-performance-1772362-00-e/?utm_source=oe-dataset&utm_medium=dataset&utm_campaign=oe-cross-reference,https://maplev.ca/fr/parts/tesla-model-3-highland-ankle-catcher-performance-1772362-00-e/?utm_source=oe-dataset&utm_medium=dataset&utm_campaign=oe-cross-reference,MapleV (maplev.ca)
P-085,Front Bumper Fascia Unpainted (Without Sensor Holes),Couvre-pare-chocs avant non peint (sans trous de capteurs),Front Bumper Parts,Model Y,Tesla Model Y · Jan 2020 – Jan 2025,,1493736-S0-C | 1493736-SC-C | 1493745-00-A | 1687994-TX-A,1493736 | 1493745 | 1687994,TA1000103,https://maplev.ca/parts/tesla-model-y-front-bumper-fascia-unpainted-without-sensor-holes-1493736-s0-c/?utm_source=oe-dataset&utm_medium=dataset&utm_campaign=oe-cross-reference,https://maplev.ca/fr/parts/tesla-model-y-front-bumper-fascia-unpainted-without-sensor-holes-1493736-s0-c/?utm_source=oe-dataset&utm_medium=dataset&utm_campaign=oe-cross-reference,MapleV (maplev.ca)
P-087,Front Bumper Fascia Unpainted (With Sensor Holes),Couvre-pare-chocs avant non peint (avec trous de capteurs),Front Bumper Parts,Model Y,Tesla Model Y · Jan 2020 – Jan 2025,,1493736-S0-A,1493736,TA1000102,https://maplev.ca/parts/tesla-model-y-front-bumper-fascia-unpainted-with-sensor-holes-1493736-s0-a/?utm_source=oe-dataset&utm_medium=dataset&utm_campaign=oe-cross-reference,https://maplev.ca/fr/parts/tesla-model-y-front-bumper-fascia-unpainted-with-sensor-holes-1493736-s0-a/?utm_source=oe-dataset&utm_medium=dataset&utm_campaign=oe-cross-reference,MapleV (maplev.ca)
P-089,Fender Bumper Bracket - Left,Support de pare-chocs avant à l'aile (latéral) – gauche,Front Bumper Parts,Model Y,Tesla Model Y · Jan 2020 – Jan 2025,Left,1493770-00-B | 1493770-00-C,1493770,TA1042105,https://maplev.ca/parts/tesla-model-y-fender-bumper-bracket-left-1493770-00-b/?utm_source=oe-dataset&utm_medium=dataset&utm_campaign=oe-cross-reference,https://maplev.ca/fr/parts/tesla-model-y-fender-bumper-bracket-left-1493770-00-b/?utm_source=oe-dataset&utm_medium=dataset&utm_campaign=oe-cross-reference,MapleV (maplev.ca)
P-090,Fender Bumper Bracket - Right,Support de pare-chocs avant à l'aile (latéral) – droit,Front Bumper Parts,Model Y,Tesla Model Y · Jan 2020 – Jan 2025,Right,1493771-00-B | 1493771-00-C,1493771,TA1043105,https://maplev.ca/parts/tesla-model-y-fender-bumper-bracket-right-1493771-00-b/?utm_source=oe-dataset&utm_medium=dataset&utm_campaign=oe-cross-reference,https://maplev.ca/fr/parts/tesla-model-y-fender-bumper-bracket-right-1493771-00-b/?utm_source=oe-dataset&utm_medium=dataset&utm_campaign=oe-cross-reference,MapleV (maplev.ca)
P-091,Front Fender Bumper Bracket - Left,Support de pare-chocs avant à l'aile (central) – gauche,Front Bumper Parts,Model Y,Tesla Model Y · Jan 2020 – Jan 2025,Left,1493772-00-B,1493772,,https://maplev.ca/parts/tesla-model-y-front-fender-bumper-bracket-left-1493772-00-b/?utm_source=oe-dataset&utm_medium=dataset&utm_campaign=oe-cross-reference,https://maplev.ca/fr/parts/tesla-model-y-front-fender-bumper-bracket-left-1493772-00-b/?utm_source=oe-dataset&utm_medium=dataset&utm_campaign=oe-cross-reference,MapleV (maplev.ca)
P-092,Front Fender Bumper Bracket - Right,Support de pare-chocs avant à l'aile (central) – droit,Front Bumper Parts,Model Y,Tesla Model Y · Jan 2020 – Jan 2025,Right,1493773-00-B,1493773,,https://maplev.ca/parts/tesla-model-y-front-fender-bumper-bracket-right-1493773-00-b/?utm_source=oe-dataset&utm_medium=dataset&utm_campaign=oe-cross-reference,https://maplev.ca/fr/parts/tesla-model-y-front-fender-bumper-bracket-right-1493773-00-b/?utm_source=oe-dataset&utm_medium=dataset&utm_campaign=oe-cross-reference,MapleV (maplev.ca)
P-093,Front Bumper Lower Center Grille,Grille inférieure centrale de pare-chocs avant,Grilles & Air Intakes,Model Y,Tesla Model Y · Jan 2020 – Jan 2025,,1493759-00-A | 1493759-TX-A,1493759,TA1036101,https://maplev.ca/parts/tesla-model-y-front-bumper-lower-center-grille-1493759-00-a/?utm_source=oe-dataset&utm_medium=dataset&utm_campaign=oe-cross-reference,https://maplev.ca/fr/parts/tesla-model-y-front-bumper-lower-center-grille-1493759-00-a/?utm_source=oe-dataset&utm_medium=dataset&utm_campaign=oe-cross-reference,MapleV (maplev.ca)
P-094,Front Reinforcement Impact Energy Absorber Foam,Mousse absorbante de poutre de pare-chocs avant,Front Bumper Parts,Model Y,Tesla Model Y · Jan 2020 – Jan 2025,,1487605-00-A | 1487605-CN-A,1487605,TA1070101,https://maplev.ca/parts/tesla-model-y-front-reinforcement-impact-energy-absorber-foam-1487605-00-a/?utm_source=oe-dataset&utm_medium=dataset&utm_campaign=oe-cross-reference,https://maplev.ca/fr/parts/tesla-model-y-front-reinforcement-impact-energy-absorber-foam-1487605-00-a/?utm_source=oe-dataset&utm_medium=dataset&utm_campaign=oe-cross-reference,MapleV (maplev.ca)
P-095,Front Trunk (Frunk),Bac de coffre avant (frunk),Hood & Front End Parts,Model Y,Tesla Model Y · Jan 2020 – Jan 2025,,1492606-00-E,1492606,,https://maplev.ca/parts/tesla-model-y-front-trunk-frunk-1492606-00-e/?utm_source=oe-dataset&utm_medium=dataset&utm_campaign=oe-cross-reference,https://maplev.ca/fr/parts/tesla-model-y-front-trunk-frunk-1492606-00-e/?utm_source=oe-dataset&utm_medium=dataset&utm_campaign=oe-cross-reference,MapleV (maplev.ca)
P-096,Frunk Panel,Panneau d'accès de coffre avant (frunk),Hood & Front End Parts,Model Y,Tesla Model Y · Jan 2020 – Jan 2025,,1494086-00-C | 1494086-00-B,1494086,,https://maplev.ca/parts/tesla-model-y-frunk-panel-1494086-00-c/?utm_source=oe-dataset&utm_medium=dataset&utm_campaign=oe-cross-reference,https://maplev.ca/fr/parts/tesla-model-y-frunk-panel-1494086-00-c/?utm_source=oe-dataset&utm_medium=dataset&utm_campaign=oe-cross-reference,MapleV (maplev.ca)
P-097,Rear Bumper Fascia Unpainted (With Sensor Holes),Couvre-pare-chocs arrière non peint (avec trous de capteurs),Rear Bumper Parts,Model Y,Tesla Model Y · Jan 2020 – Jan 2025,,1493735-S0-A,1493735,TA1114100,https://maplev.ca/parts/tesla-model-y-rear-bumper-fascia-unpainted-with-sensor-holes-1493735-s0-a/?utm_source=oe-dataset&utm_medium=dataset&utm_campaign=oe-cross-reference,https://maplev.ca/fr/parts/tesla-model-y-rear-bumper-fascia-unpainted-with-sensor-holes-1493735-s0-a/?utm_source=oe-dataset&utm_medium=dataset&utm_campaign=oe-cross-reference,MapleV (maplev.ca)
P-099,Rear Bumper Fascia Unpainted (Without Sensor Holes),Couvre-pare-chocs arrière non peint (sans trous de capteurs),Rear Bumper Parts,Model Y,Tesla Model Y · Jan 2020 – Jan 2025,,1493735-S0-C | 1493735-SC-A | 1493735-00-C,1493735,TA1114101,https://maplev.ca/parts/tesla-model-y-rear-bumper-fascia-unpainted-without-sensor-holes-1493735-s0-c/?utm_source=oe-dataset&utm_medium=dataset&utm_campaign=oe-cross-reference,https://maplev.ca/fr/parts/tesla-model-y-rear-bumper-fascia-unpainted-without-sensor-holes-1493735-s0-c/?utm_source=oe-dataset&utm_medium=dataset&utm_campaign=oe-cross-reference,MapleV (maplev.ca)
P-101,Rear Lower Bumper Cover,Couvre-pare-chocs inférieur arrière,Rear Bumper Parts,Model Y,Tesla Model Y · Jan 2020 – Jan 2025,,1494006-00-B | 1494006-00-C | 1494006-TX-C,1494006,TA1115100,https://maplev.ca/parts/tesla-model-y-rear-lower-bumper-cover-1494006-00-b/?utm_source=oe-dataset&utm_medium=dataset&utm_campaign=oe-cross-reference,https://maplev.ca/fr/parts/tesla-model-y-rear-lower-bumper-cover-1494006-00-b/?utm_source=oe-dataset&utm_medium=dataset&utm_campaign=oe-cross-reference,MapleV (maplev.ca)
P-102,Rear Lower Bumper Tow Hitch Cap,Cache d'attache-remorque (pare-chocs arrière inférieur),Rear Bumper Parts,Model Y,Tesla Model Y · Jan 2020 – Jan 2025,,1494009-00-B | 1494009-00-C | 1494009-TX-D,1494009,,https://maplev.ca/parts/tesla-model-y-rear-lower-bumper-tow-hitch-cap-1494009-00-b/?utm_source=oe-dataset&utm_medium=dataset&utm_campaign=oe-cross-reference,https://maplev.ca/fr/parts/tesla-model-y-rear-lower-bumper-tow-hitch-cap-1494009-00-b/?utm_source=oe-dataset&utm_medium=dataset&utm_campaign=oe-cross-reference,MapleV (maplev.ca)
P-103,Tow Hook Cover Rear Bumper,Couvercle de crochet de remorquage arrière,Rear Bumper Parts,Model Y,Tesla Model Y · Jan 2020 – Jan 2025,,1494426-00-A,1494426,,https://maplev.ca/parts/tesla-model-y-tow-hook-cover-rear-bumper-1494426-00-a/?utm_source=oe-dataset&utm_medium=dataset&utm_campaign=oe-cross-reference,https://maplev.ca/fr/parts/tesla-model-y-tow-hook-cover-rear-bumper-1494426-00-a/?utm_source=oe-dataset&utm_medium=dataset&utm_campaign=oe-cross-reference,MapleV (maplev.ca)
P-104,Rear Wing Bracket Assembly - Left,Support latéral de pare-chocs arrière (ensemble) – gauche,Rear Bumper Parts,Model Y,Tesla Model Y · Jan 2020 – Jan 2025,Left,1494043-00-A,1494043,TA1142101,https://maplev.ca/parts/tesla-model-y-rear-wing-bracket-assembly-left-1494043-00-a/?utm_source=oe-dataset&utm_medium=dataset&utm_campaign=oe-cross-reference,https://maplev.ca/fr/parts/tesla-model-y-rear-wing-bracket-assembly-left-1494043-00-a/?utm_source=oe-dataset&utm_medium=dataset&utm_campaign=oe-cross-reference,MapleV (maplev.ca)
P-105,Rear Wing Bracket Assembly - Right,Support latéral de pare-chocs arrière (ensemble) – droit,Rear Bumper Parts,Model Y,Tesla Model Y · Jan 2020 – Jan 2025,Right,1494044-00-A,1494044,TA1143101,https://maplev.ca/parts/tesla-model-y-rear-wing-bracket-assembly-right-1494044-00-a/?utm_source=oe-dataset&utm_medium=dataset&utm_campaign=oe-cross-reference,https://maplev.ca/fr/parts/tesla-model-y-rear-wing-bracket-assembly-right-1494044-00-a/?utm_source=oe-dataset&utm_medium=dataset&utm_campaign=oe-cross-reference,MapleV (maplev.ca)
P-106,Rear Bumper Center Mount Support Bracket,Support central de pare-chocs arrière,Rear Bumper Parts,Model Y,Tesla Model Y · Jan 2020 – Jan 2025,,1494045-00-E,1494045,TA1140102,https://maplev.ca/parts/tesla-model-y-rear-bumper-center-mount-support-bracket-1494045-00-e/?utm_source=oe-dataset&utm_medium=dataset&utm_campaign=oe-cross-reference,https://maplev.ca/fr/parts/tesla-model-y-rear-bumper-center-mount-support-bracket-1494045-00-e/?utm_source=oe-dataset&utm_medium=dataset&utm_campaign=oe-cross-reference,MapleV (maplev.ca)
P-107,Lower Trunk Assembly,Bac de coffre arrière inférieur (ensemble),Rear Panel & Trunk Parts,Model Y | Model Y Juniper,"Tesla Model Y, Tesla Model Y Juniper · Jan 2020 – Jan 2025 · Feb 2025–",,1508656-00-F | 1508656-99-E | 1508656-00-E,1508656,,https://maplev.ca/parts/tesla-model-y-lower-trunk-assembly-1508656-00-f/?utm_source=oe-dataset&utm_medium=dataset&utm_campaign=oe-cross-reference,https://maplev.ca/fr/parts/tesla-model-y-lower-trunk-assembly-1508656-00-f/?utm_source=oe-dataset&utm_medium=dataset&utm_campaign=oe-cross-reference,MapleV (maplev.ca)
P-108,Tail Lamp Bracket Assembly - Left,Support de feu arrière (ensemble) – gauche,Headlights & Tail Lights,Model Y,Tesla Model Y · Jan 2020 – Jan 2025,Left,1506968-00-E,1506968,,https://maplev.ca/parts/tesla-model-y-tail-lamp-bracket-assembly-left-1506968-00-e/?utm_source=oe-dataset&utm_medium=dataset&utm_campaign=oe-cross-reference,https://maplev.ca/fr/parts/tesla-model-y-tail-lamp-bracket-assembly-left-1506968-00-e/?utm_source=oe-dataset&utm_medium=dataset&utm_campaign=oe-cross-reference,MapleV (maplev.ca)
P-109,Tail Lamp Bracket Assembly - Right,Support de feu arrière (ensemble) – droit,Headlights & Tail Lights,Model Y,Tesla Model Y · Jan 2020 – Jan 2025,Right,1506969-00-E,1506969,,https://maplev.ca/parts/tesla-model-y-tail-lamp-bracket-assembly-right-1506969-00-e/?utm_source=oe-dataset&utm_medium=dataset&utm_campaign=oe-cross-reference,https://maplev.ca/fr/parts/tesla-model-y-tail-lamp-bracket-assembly-right-1506969-00-e/?utm_source=oe-dataset&utm_medium=dataset&utm_campaign=oe-cross-reference,MapleV (maplev.ca)
P-110,Front End Carrier,Support de radiateur (extrémité frontale),Hood & Front End Parts,Model Y,Tesla Model Y · Jan 2020 – Jan 2025,,1660026-00-A | 1495245-00-C,1660026 | 1495245,TA1225101,https://maplev.ca/parts/tesla-model-y-front-end-carrier-1660026-00-a/?utm_source=oe-dataset&utm_medium=dataset&utm_campaign=oe-cross-reference,https://maplev.ca/fr/parts/tesla-model-y-front-end-carrier-1660026-00-a/?utm_source=oe-dataset&utm_medium=dataset&utm_campaign=oe-cross-reference,MapleV (maplev.ca)
P-111,Front End Module Bracket,Support de module avant (grille inférieure),Hood & Front End Parts,Model Y,Tesla Model Y · Jan 2020 – Jan 2025,,1514466-00-A,1514466,,https://maplev.ca/parts/tesla-model-y-front-end-module-bracket-1514466-00-a/?utm_source=oe-dataset&utm_medium=dataset&utm_campaign=oe-cross-reference,https://maplev.ca/fr/parts/tesla-model-y-front-end-module-bracket-1514466-00-a/?utm_source=oe-dataset&utm_medium=dataset&utm_campaign=oe-cross-reference,MapleV (maplev.ca)
P-112,Front Bumper Lower Valance Shield Cover Panel,Valence de pare-chocs avant (panneau de protection),Underbody Shields,Model Y,Tesla Model Y · Jan 2020 – Jan 2025,,1613579-00-D | 1613579-00-C | 1493774-00-B,1613579 | 1493774,TA1228104,https://maplev.ca/parts/tesla-model-y-front-bumper-lower-valance-shield-cover-panel-1613579-00-d/?utm_source=oe-dataset&utm_medium=dataset&utm_campaign=oe-cross-reference,https://maplev.ca/fr/parts/tesla-model-y-front-bumper-lower-valance-shield-cover-panel-1613579-00-d/?utm_source=oe-dataset&utm_medium=dataset&utm_campaign=oe-cross-reference,MapleV (maplev.ca)
P-113,Rear Bumper Lower Valance,Valence de pare-chocs arrière,Underbody Shields,Model Y,Tesla Model Y · Jan 2020 – Jan 2025,,1494007-00-C | 1494007-00-B,1494007,,https://maplev.ca/parts/tesla-model-y-rear-bumper-lower-valance-1494007-00-c/?utm_source=oe-dataset&utm_medium=dataset&utm_campaign=oe-cross-reference,https://maplev.ca/fr/parts/tesla-model-y-rear-bumper-lower-valance-1494007-00-c/?utm_source=oe-dataset&utm_medium=dataset&utm_campaign=oe-cross-reference,MapleV (maplev.ca)
P-114,Front Trunk (Frunk) Apron,Tablier sous le capot (coffre avant),Hood & Front End Parts,Model Y,Tesla Model Y · Jan 2020 – Jan 2025,,1619812-98-B | 1619812-00-A,1619812,,https://maplev.ca/parts/tesla-model-y-front-trunk-frunk-apron-1619812-98-b/?utm_source=oe-dataset&utm_medium=dataset&utm_campaign=oe-cross-reference,https://maplev.ca/fr/parts/tesla-model-y-front-trunk-frunk-apron-1619812-98-b/?utm_source=oe-dataset&utm_medium=dataset&utm_campaign=oe-cross-reference,MapleV (maplev.ca)
P-115,Cowl Screen,Panneau d'écran d'auvent,Grilles & Air Intakes,Model Y,Tesla Model Y · Jan 2020 – Jan 2025,,1492603-00-E | 1492603-00-D,1492603,,https://maplev.ca/parts/tesla-model-y-cowl-screen-1492603-00-e/?utm_source=oe-dataset&utm_medium=dataset&utm_campaign=oe-cross-reference,https://maplev.ca/fr/parts/tesla-model-y-cowl-screen-1492603-00-e/?utm_source=oe-dataset&utm_medium=dataset&utm_campaign=oe-cross-reference,MapleV (maplev.ca)
P-116,Rocker Cover Assembly - Left,Couvercle de bas de caisse (ensemble) – gauche,Rocker Panels,Model Y,Tesla Model Y · Jan 2020 – Jan 2025,Left,1497740-00-C | 1497740-00-D,1497740,,https://maplev.ca/parts/tesla-model-y-rocker-cover-assembly-left-1497740-00-c/?utm_source=oe-dataset&utm_medium=dataset&utm_campaign=oe-cross-reference,https://maplev.ca/fr/parts/tesla-model-y-rocker-cover-assembly-left-1497740-00-c/?utm_source=oe-dataset&utm_medium=dataset&utm_campaign=oe-cross-reference,MapleV (maplev.ca)
P-117,Rocker Cover Assembly - Right,Couvercle de bas de caisse (ensemble) – droit,Rocker Panels,Model Y,Tesla Model Y · Jan 2020 – Jan 2025,Right,1497744-00-C | 1497744-00-D,1497744,,https://maplev.ca/parts/tesla-model-y-rocker-cover-assembly-right-1497744-00-c/?utm_source=oe-dataset&utm_medium=dataset&utm_campaign=oe-cross-reference,https://maplev.ca/fr/parts/tesla-model-y-rocker-cover-assembly-right-1497744-00-c/?utm_source=oe-dataset&utm_medium=dataset&utm_campaign=oe-cross-reference,MapleV (maplev.ca)
P-118,Rocker Carrier - Left,Support de bas de caisse – gauche,Rocker Panels,Model Y,Tesla Model Y · Jan 2020 – Jan 2025,Left,1497741-00-C | 1625377-00-C,1497741 | 1625377,,https://maplev.ca/parts/tesla-model-y-rocker-carrier-left-1497741-00-c/?utm_source=oe-dataset&utm_medium=dataset&utm_campaign=oe-cross-reference,https://maplev.ca/fr/parts/tesla-model-y-rocker-carrier-left-1497741-00-c/?utm_source=oe-dataset&utm_medium=dataset&utm_campaign=oe-cross-reference,MapleV (maplev.ca)
P-119,Rocker Carrier - Right,Support de bas de caisse – droit,Rocker Panels,Model Y,Tesla Model Y · Jan 2020 – Jan 2025,Right,1497745-00-C | 1625379-00-C,1497745 | 1625379,,https://maplev.ca/parts/tesla-model-y-rocker-carrier-right-1497745-00-c/?utm_source=oe-dataset&utm_medium=dataset&utm_campaign=oe-cross-reference,https://maplev.ca/fr/parts/tesla-model-y-rocker-carrier-right-1497745-00-c/?utm_source=oe-dataset&utm_medium=dataset&utm_campaign=oe-cross-reference,MapleV (maplev.ca)
P-120,Active Grille Shutter,Obturateur de grille active,Grilles & Air Intakes,Model Y,Tesla Model Y · Jan 2020 – Jan 2025,,1634325-00-A | 1494159-00-C,1634325 | 1494159,,https://maplev.ca/parts/tesla-model-y-active-grille-shutter-1634325-00-a/?utm_source=oe-dataset&utm_medium=dataset&utm_campaign=oe-cross-reference,https://maplev.ca/fr/parts/tesla-model-y-active-grille-shutter-1634325-00-a/?utm_source=oe-dataset&utm_medium=dataset&utm_campaign=oe-cross-reference,MapleV (maplev.ca)
P-121,Rear Suspension Aero Cover - Left,Couvercle aérodynamique de suspension arrière – gauche,Underbody Shields,Model Y,Tesla Model Y · Jan 2020 – Jan 2025,Left,1493635-00-A,1493635,,https://maplev.ca/parts/tesla-model-y-rear-suspension-aero-cover-left-1493635-00-a/?utm_source=oe-dataset&utm_medium=dataset&utm_campaign=oe-cross-reference,https://maplev.ca/fr/parts/tesla-model-y-rear-suspension-aero-cover-left-1493635-00-a/?utm_source=oe-dataset&utm_medium=dataset&utm_campaign=oe-cross-reference,MapleV (maplev.ca)
P-122,Rear Suspension Aero Cover - Right,Couvercle aérodynamique de suspension arrière – droit,Underbody Shields,Model Y,Tesla Model Y · Jan 2020 – Jan 2025,Right,1493636-00-A,1493636,,https://maplev.ca/parts/tesla-model-y-rear-suspension-aero-cover-right-1493636-00-a/?utm_source=oe-dataset&utm_medium=dataset&utm_campaign=oe-cross-reference,https://maplev.ca/fr/parts/tesla-model-y-rear-suspension-aero-cover-right-1493636-00-a/?utm_source=oe-dataset&utm_medium=dataset&utm_campaign=oe-cross-reference,MapleV (maplev.ca)
P-123,Front Fender Garnish - Left,Tour de roue avant (moulure d'aile) – gauche,Fenders,Model Y,Tesla Model Y · Jan 2020 – Jan 2025,Left,1683859-00-A | 1494185-98-C | 1494185-00-C,1683859 | 1494185,TA1290101,https://maplev.ca/parts/tesla-model-y-front-fender-garnish-left-1683859-00-a/?utm_source=oe-dataset&utm_medium=dataset&utm_campaign=oe-cross-reference,https://maplev.ca/fr/parts/tesla-model-y-front-fender-garnish-left-1683859-00-a/?utm_source=oe-dataset&utm_medium=dataset&utm_campaign=oe-cross-reference,MapleV (maplev.ca)
P-124,Front Fender Garnish - Right,Tour de roue avant (moulure d'aile) – droit,Fenders,Model Y,Tesla Model Y · Jan 2020 – Jan 2025,Right,1683860-00-A | 1494186-98-C | 1494186-00-C,1683860 | 1494186,TA1291101,https://maplev.ca/parts/tesla-model-y-front-fender-garnish-right-1683860-00-a/?utm_source=oe-dataset&utm_medium=dataset&utm_campaign=oe-cross-reference,https://maplev.ca/fr/parts/tesla-model-y-front-fender-garnish-right-1683860-00-a/?utm_source=oe-dataset&utm_medium=dataset&utm_campaign=oe-cross-reference,MapleV (maplev.ca)
P-125,Rear Fender Garnish - Left,Tour de roue arrière (moulure d'aile) – gauche,Fenders,Model Y,Tesla Model Y · Jan 2020 – Jan 2025,Left,1683861-00-A | 1494187-00-C | 1494187-98-C | 1732553-00-A,1683861 | 1494187 | 1732553,TA1790102,https://maplev.ca/parts/tesla-model-y-rear-fender-garnish-left-1683861-00-a/?utm_source=oe-dataset&utm_medium=dataset&utm_campaign=oe-cross-reference,https://maplev.ca/fr/parts/tesla-model-y-rear-fender-garnish-left-1683861-00-a/?utm_source=oe-dataset&utm_medium=dataset&utm_campaign=oe-cross-reference,MapleV (maplev.ca)
P-126,Rear Fender Garnish - Right,Tour de roue arrière (moulure d'aile) – droit,Fenders,Model Y,Tesla Model Y · Jan 2020 – Jan 2025,Right,1683862-00-A | 1494188-00-C | 1494188-98-C | 1732554-00-A,1683862 | 1494188 | 1732554,TA1791102,https://maplev.ca/parts/tesla-model-y-rear-fender-garnish-right-1683862-00-a/?utm_source=oe-dataset&utm_medium=dataset&utm_campaign=oe-cross-reference,https://maplev.ca/fr/parts/tesla-model-y-rear-fender-garnish-right-1683862-00-a/?utm_source=oe-dataset&utm_medium=dataset&utm_campaign=oe-cross-reference,MapleV (maplev.ca)
P-127,Front Wheel Liner - Left,Fausse-aile avant (doublure d'aile) – gauche,Wheel & Fender Liners,Model Y,Tesla Model Y · Jan 2020 – Jan 2025,Left,1492613-00-D | 1492613-00-C | 1744361-00-A,1492613 | 1744361,TA1248101,https://maplev.ca/parts/tesla-model-y-front-wheel-liner-left-1492613-00-d/?utm_source=oe-dataset&utm_medium=dataset&utm_campaign=oe-cross-reference,https://maplev.ca/fr/parts/tesla-model-y-front-wheel-liner-left-1492613-00-d/?utm_source=oe-dataset&utm_medium=dataset&utm_campaign=oe-cross-reference,MapleV (maplev.ca)
P-128,Front Wheel Liner - Right,Fausse-aile avant (doublure d'aile) – droite,Wheel & Fender Liners,Model Y,Tesla Model Y · Jan 2020 – Jan 2025,Right,1492614-00-C | 1492614-00-B | 1744362-00-A,1492614 | 1744362,TA1249101,https://maplev.ca/parts/tesla-model-y-front-wheel-liner-right-1492614-00-c/?utm_source=oe-dataset&utm_medium=dataset&utm_campaign=oe-cross-reference,https://maplev.ca/fr/parts/tesla-model-y-front-wheel-liner-right-1492614-00-c/?utm_source=oe-dataset&utm_medium=dataset&utm_campaign=oe-cross-reference,MapleV (maplev.ca)
P-129,Rear Wheel Liner - Left,Fausse-aile arrière (doublure d'aile) – gauche,Wheel & Fender Liners,Model Y,Tesla Model Y · Jan 2020 – Jan 2025,Left,1492615-00-B | 1492615-00-A | 1755488-00-A,1492615 | 1755488,,https://maplev.ca/parts/tesla-model-y-rear-wheel-liner-left-1492615-00-b/?utm_source=oe-dataset&utm_medium=dataset&utm_campaign=oe-cross-reference,https://maplev.ca/fr/parts/tesla-model-y-rear-wheel-liner-left-1492615-00-b/?utm_source=oe-dataset&utm_medium=dataset&utm_campaign=oe-cross-reference,MapleV (maplev.ca)
P-130,Rear Wheel Liner - Right,Fausse-aile arrière (doublure d'aile) – droite,Wheel & Fender Liners,Model Y,Tesla Model Y · Jan 2020 – Jan 2025,Right,1492616-00-B | 1492616-00-A | 1755489-00-A,1492616 | 1755489,,https://maplev.ca/parts/tesla-model-y-rear-wheel-liner-right-1492616-00-b/?utm_source=oe-dataset&utm_medium=dataset&utm_campaign=oe-cross-reference,https://maplev.ca/fr/parts/tesla-model-y-rear-wheel-liner-right-1492616-00-b/?utm_source=oe-dataset&utm_medium=dataset&utm_campaign=oe-cross-reference,MapleV (maplev.ca)
P-131,Front Bumper Unpainted,Couvre-pare-chocs avant non peint,Front Bumper Parts,Model Y Juniper,Tesla Model Y Juniper · Feb 2025–,,1993051-S0-A | 1932380-00-F,1993051 | 1932380,,https://maplev.ca/parts/tesla-model-y-juniper-front-bumper-unpainted-1993051-s0-a/?utm_source=oe-dataset&utm_medium=dataset&utm_campaign=oe-cross-reference,https://maplev.ca/fr/parts/tesla-model-y-juniper-front-bumper-unpainted-1993051-s0-a/?utm_source=oe-dataset&utm_medium=dataset&utm_campaign=oe-cross-reference,MapleV (maplev.ca)
P-133,Front Bumper Lower,Couvre-pare-chocs inférieur avant,Front Bumper Parts,Model Y Juniper,Tesla Model Y Juniper · Feb 2025–,,1932384-00-B,1932384,,https://maplev.ca/parts/tesla-model-y-juniper-front-bumper-lower-1932384-00-b/?utm_source=oe-dataset&utm_medium=dataset&utm_campaign=oe-cross-reference,https://maplev.ca/fr/parts/tesla-model-y-juniper-front-bumper-lower-1932384-00-b/?utm_source=oe-dataset&utm_medium=dataset&utm_campaign=oe-cross-reference,MapleV (maplev.ca)
P-134,Front Bumper Side Bracket - Left,Support latéral de pare-chocs avant – gauche,Front Bumper Parts,Model Y Juniper,Tesla Model Y Juniper · Feb 2025–,Left,1983887-00-D,1983887,,https://maplev.ca/parts/tesla-model-y-juniper-front-bumper-side-bracket-left-1983887-00-d/?utm_source=oe-dataset&utm_medium=dataset&utm_campaign=oe-cross-reference,https://maplev.ca/fr/parts/tesla-model-y-juniper-front-bumper-side-bracket-left-1983887-00-d/?utm_source=oe-dataset&utm_medium=dataset&utm_campaign=oe-cross-reference,MapleV (maplev.ca)
P-135,Front Bumper Side Bracket - Right,Support latéral de pare-chocs avant – droit,Front Bumper Parts,Model Y Juniper,Tesla Model Y Juniper · Feb 2025–,Right,1983888-00-D,1983888,,https://maplev.ca/parts/tesla-model-y-juniper-front-bumper-side-bracket-right-1983888-00-d/?utm_source=oe-dataset&utm_medium=dataset&utm_campaign=oe-cross-reference,https://maplev.ca/fr/parts/tesla-model-y-juniper-front-bumper-side-bracket-right-1983888-00-d/?utm_source=oe-dataset&utm_medium=dataset&utm_campaign=oe-cross-reference,MapleV (maplev.ca)
P-136,Grille,Grille de pare-chocs avant,Grilles & Air Intakes,Model Y Juniper,Tesla Model Y Juniper · Feb 2025–,,1983889-00-D | 1983889-TT-C | 1983889-TT-D | 2226160-00-C,1983889 | 2226160,,https://maplev.ca/parts/tesla-model-y-juniper-grille-1983889-00-d/?utm_source=oe-dataset&utm_medium=dataset&utm_campaign=oe-cross-reference,https://maplev.ca/fr/parts/tesla-model-y-juniper-grille-1983889-00-d/?utm_source=oe-dataset&utm_medium=dataset&utm_campaign=oe-cross-reference,MapleV (maplev.ca)
P-137,Ankle Catcher,Attrape-cheville,Front Bumper Parts,Model Y Juniper,Tesla Model Y Juniper · Feb 2025–,,1949866-00-C,1949866,,https://maplev.ca/parts/tesla-model-y-juniper-ankle-catcher-1949866-00-c/?utm_source=oe-dataset&utm_medium=dataset&utm_campaign=oe-cross-reference,https://maplev.ca/fr/parts/tesla-model-y-juniper-ankle-catcher-1949866-00-c/?utm_source=oe-dataset&utm_medium=dataset&utm_campaign=oe-cross-reference,MapleV (maplev.ca)
P-138,Front Bumper Beam Foam,Mousse de poutre de pare-chocs avant,Front Bumper Parts,Model Y Juniper,Tesla Model Y Juniper · Feb 2025–,,1997925-00-E | 2191876-00-A,1997925 | 2191876,,https://maplev.ca/parts/tesla-model-y-juniper-front-bumper-beam-foam-1997925-00-e/?utm_source=oe-dataset&utm_medium=dataset&utm_campaign=oe-cross-reference,https://maplev.ca/fr/parts/tesla-model-y-juniper-front-bumper-beam-foam-1997925-00-e/?utm_source=oe-dataset&utm_medium=dataset&utm_campaign=oe-cross-reference,MapleV (maplev.ca)
P-139,Radiator Support,Support de radiateur (extrémité frontale),Radiators & Cooling,Model Y Juniper,Tesla Model Y Juniper · Feb 2025–,,1974875-00-C | 1917250-00-D,1974875 | 1917250,,https://maplev.ca/parts/tesla-model-y-juniper-radiator-support-1974875-00-c/?utm_source=oe-dataset&utm_medium=dataset&utm_campaign=oe-cross-reference,https://maplev.ca/fr/parts/tesla-model-y-juniper-radiator-support-1974875-00-c/?utm_source=oe-dataset&utm_medium=dataset&utm_campaign=oe-cross-reference,MapleV (maplev.ca)
P-140,Front Active Grille Shutter,Obturateur de grille active avant,Grilles & Air Intakes,Model Y Juniper,Tesla Model Y Juniper · Feb 2025–,,1982489-00-D | 1982488-00-D | 1982490-00-D | 1982490-00-C,1982489 | 1982488 | 1982490,,https://maplev.ca/parts/tesla-model-y-juniper-front-active-grille-shutter-1982489-00-d/?utm_source=oe-dataset&utm_medium=dataset&utm_campaign=oe-cross-reference,https://maplev.ca/fr/parts/tesla-model-y-juniper-front-active-grille-shutter-1982489-00-d/?utm_source=oe-dataset&utm_medium=dataset&utm_campaign=oe-cross-reference,MapleV (maplev.ca)
P-141,Front Trunk (Frunk) Apron,Tablier sous le capot (coffre avant),Hood & Front End Parts,Model Y Juniper,Tesla Model Y Juniper · Feb 2025–,,1930438-01-C | 1930438-00-D | 1930438-01-D,1930438,,https://maplev.ca/parts/tesla-model-y-juniper-front-trunk-frunk-apron-1930438-01-c/?utm_source=oe-dataset&utm_medium=dataset&utm_campaign=oe-cross-reference,https://maplev.ca/fr/parts/tesla-model-y-juniper-front-trunk-frunk-apron-1930438-01-c/?utm_source=oe-dataset&utm_medium=dataset&utm_campaign=oe-cross-reference,MapleV (maplev.ca)
P-142,Front Frunk Assembly,"Bac de coffre avant (frunk, ensemble)",Hood & Front End Parts,Model Y Juniper,Tesla Model Y Juniper · Feb 2025–,,1930436-01-B | 1930436-00-H | 1930436-00-F,1930436,,https://maplev.ca/parts/tesla-model-y-juniper-front-frunk-assembly-1930436-01-b/?utm_source=oe-dataset&utm_medium=dataset&utm_campaign=oe-cross-reference,https://maplev.ca/fr/parts/tesla-model-y-juniper-front-frunk-assembly-1930436-01-b/?utm_source=oe-dataset&utm_medium=dataset&utm_campaign=oe-cross-reference,MapleV (maplev.ca)
P-143,Rear Bumper Side Unpainted - Left,Couvre-pare-chocs latéral arrière non peint – gauche,Rear Bumper Parts,Model Y Juniper,Tesla Model Y Juniper · Feb 2025–,Left,1932601-PD-F | 1932601-00-F,1932601,,https://maplev.ca/parts/tesla-model-y-juniper-rear-bumper-side-unpainted-left-1932601-pd-f/?utm_source=oe-dataset&utm_medium=dataset&utm_campaign=oe-cross-reference,https://maplev.ca/fr/parts/tesla-model-y-juniper-rear-bumper-side-unpainted-left-1932601-pd-f/?utm_source=oe-dataset&utm_medium=dataset&utm_campaign=oe-cross-reference,MapleV (maplev.ca)
P-144,Rear Bumper Side Unpainted - Right,Couvre-pare-chocs latéral arrière non peint – droit,Rear Bumper Parts,Model Y Juniper,Tesla Model Y Juniper · Feb 2025–,Right,1932602-PD-F | 1932602-00-F,1932602,,https://maplev.ca/parts/tesla-model-y-juniper-rear-bumper-side-unpainted-right-1932602-pd-f/?utm_source=oe-dataset&utm_medium=dataset&utm_campaign=oe-cross-reference,https://maplev.ca/fr/parts/tesla-model-y-juniper-rear-bumper-side-unpainted-right-1932602-pd-f/?utm_source=oe-dataset&utm_medium=dataset&utm_campaign=oe-cross-reference,MapleV (maplev.ca)
P-145,Rear Lower Bumper,Couvre-pare-chocs inférieur arrière,Rear Bumper Parts,Model Y Juniper,Tesla Model Y Juniper · Feb 2025–,,1932665-TT-D | 1947151-99-D | 1932665-00-D | 2137459-00-A | 1947151-00-F,1932665 | 1947151 | 2137459,,https://maplev.ca/parts/tesla-model-y-juniper-rear-lower-bumper-1932665-tt-d/?utm_source=oe-dataset&utm_medium=dataset&utm_campaign=oe-cross-reference,https://maplev.ca/fr/parts/tesla-model-y-juniper-rear-lower-bumper-1932665-tt-d/?utm_source=oe-dataset&utm_medium=dataset&utm_campaign=oe-cross-reference,MapleV (maplev.ca)
P-146,Rear Lower Bumper Tow Hitch Cover,Couvercle d'attache-remorque (pare-chocs arrière inférieur),Rear Bumper Parts,Model Y Juniper,Tesla Model Y Juniper · Feb 2025–,,1932605-00-C | 1932605-TT-C,1932605,,https://maplev.ca/parts/tesla-model-y-juniper-rear-lower-bumper-tow-hitch-cover-1932605-00-c/?utm_source=oe-dataset&utm_medium=dataset&utm_campaign=oe-cross-reference,https://maplev.ca/fr/parts/tesla-model-y-juniper-rear-lower-bumper-tow-hitch-cover-1932605-00-c/?utm_source=oe-dataset&utm_medium=dataset&utm_campaign=oe-cross-reference,MapleV (maplev.ca)
P-147,Rear Wing Bracket - Left,Support latéral de pare-chocs arrière – gauche,Rear Bumper Parts,Model Y Juniper,Tesla Model Y Juniper · Feb 2025–,Left,1932677-00-E | 1932677-00-D | 2186187-00-A,1932677 | 2186187,,https://maplev.ca/parts/tesla-model-y-juniper-rear-wing-bracket-left-1932677-00-e/?utm_source=oe-dataset&utm_medium=dataset&utm_campaign=oe-cross-reference,https://maplev.ca/fr/parts/tesla-model-y-juniper-rear-wing-bracket-left-1932677-00-e/?utm_source=oe-dataset&utm_medium=dataset&utm_campaign=oe-cross-reference,MapleV (maplev.ca)
P-148,Rear Wing Bracket - Right,Support latéral de pare-chocs arrière – droit,Rear Bumper Parts,Model Y Juniper,Tesla Model Y Juniper · Feb 2025–,Right,1932678-00-E | 1932678-00-D | 2186186-00-A,1932678 | 2186186,,https://maplev.ca/parts/tesla-model-y-juniper-rear-wing-bracket-right-1932678-00-e/?utm_source=oe-dataset&utm_medium=dataset&utm_campaign=oe-cross-reference,https://maplev.ca/fr/parts/tesla-model-y-juniper-rear-wing-bracket-right-1932678-00-e/?utm_source=oe-dataset&utm_medium=dataset&utm_campaign=oe-cross-reference,MapleV (maplev.ca)
P-149,Front Bumper Lower Shield,Protecteur inférieur de pare-chocs avant,Underbody Shields,Model Y Juniper,Tesla Model Y Juniper · Feb 2025–,,2025661-00-C | 1932386-00-E | 1932386-00-D | 2025661-00-D,2025661 | 1932386,,https://maplev.ca/parts/tesla-model-y-juniper-front-bumper-lower-shield-2025661-00-c/?utm_source=oe-dataset&utm_medium=dataset&utm_campaign=oe-cross-reference,https://maplev.ca/fr/parts/tesla-model-y-juniper-front-bumper-lower-shield-2025661-00-c/?utm_source=oe-dataset&utm_medium=dataset&utm_campaign=oe-cross-reference,MapleV (maplev.ca)
P-150,Rear Bumper Lower Shield,Protecteur inférieur de pare-chocs arrière,Underbody Shields,Model Y Juniper,Tesla Model Y Juniper · Feb 2025–,,1932675-00-C | 1932603-00-C,1932675 | 1932603,,https://maplev.ca/parts/tesla-model-y-juniper-rear-bumper-lower-shield-1932675-00-c/?utm_source=oe-dataset&utm_medium=dataset&utm_campaign=oe-cross-reference,https://maplev.ca/fr/parts/tesla-model-y-juniper-rear-bumper-lower-shield-1932675-00-c/?utm_source=oe-dataset&utm_medium=dataset&utm_campaign=oe-cross-reference,MapleV (maplev.ca)
P-151,Rocker Cover Outer - Left,Couvercle extérieur de bas de caisse – gauche,Rocker Panels,Model Y Juniper,Tesla Model Y Juniper · Feb 2025–,Left,1921724-00-B | 2018346-00-D,1921724 | 2018346,,https://maplev.ca/parts/tesla-model-y-juniper-rocker-cover-outer-left-1921724-00-b/?utm_source=oe-dataset&utm_medium=dataset&utm_campaign=oe-cross-reference,https://maplev.ca/fr/parts/tesla-model-y-juniper-rocker-cover-outer-left-1921724-00-b/?utm_source=oe-dataset&utm_medium=dataset&utm_campaign=oe-cross-reference,MapleV (maplev.ca)
P-152,Rocker Cover Outer - Right,Couvercle extérieur de bas de caisse – droit,Rocker Panels,Model Y Juniper,Tesla Model Y Juniper · Feb 2025–,Right,1921725-00-B | 2018347-00-D,1921725 | 2018347,,https://maplev.ca/parts/tesla-model-y-juniper-rocker-cover-outer-right-1921725-00-b/?utm_source=oe-dataset&utm_medium=dataset&utm_campaign=oe-cross-reference,https://maplev.ca/fr/parts/tesla-model-y-juniper-rocker-cover-outer-right-1921725-00-b/?utm_source=oe-dataset&utm_medium=dataset&utm_campaign=oe-cross-reference,MapleV (maplev.ca)
P-153,Front Fender Garnish - Left,Tour de roue avant (moulure d'aile) – gauche,Fenders,Model Y Juniper,Tesla Model Y Juniper · Feb 2025–,Left,1937597-00-C,1937597,,https://maplev.ca/parts/tesla-model-y-juniper-front-fender-garnish-left-1937597-00-c/?utm_source=oe-dataset&utm_medium=dataset&utm_campaign=oe-cross-reference,https://maplev.ca/fr/parts/tesla-model-y-juniper-front-fender-garnish-left-1937597-00-c/?utm_source=oe-dataset&utm_medium=dataset&utm_campaign=oe-cross-reference,MapleV (maplev.ca)
P-154,Front Fender Garnish - Right,Tour de roue avant (moulure d'aile) – droit,Fenders,Model Y Juniper,Tesla Model Y Juniper · Feb 2025–,Right,1937599-00-C,1937599,,https://maplev.ca/parts/tesla-model-y-juniper-front-fender-garnish-right-1937599-00-c/?utm_source=oe-dataset&utm_medium=dataset&utm_campaign=oe-cross-reference,https://maplev.ca/fr/parts/tesla-model-y-juniper-front-fender-garnish-right-1937599-00-c/?utm_source=oe-dataset&utm_medium=dataset&utm_campaign=oe-cross-reference,MapleV (maplev.ca)
P-155,Rear Fender Garnish - Left,Tour de roue arrière (moulure d'aile) – gauche,Fenders,Model Y Juniper,Tesla Model Y Juniper · Feb 2025–,Left,1937594-00-D,1937594,,https://maplev.ca/parts/tesla-model-y-juniper-rear-fender-garnish-left-1937594-00-d/?utm_source=oe-dataset&utm_medium=dataset&utm_campaign=oe-cross-reference,https://maplev.ca/fr/parts/tesla-model-y-juniper-rear-fender-garnish-left-1937594-00-d/?utm_source=oe-dataset&utm_medium=dataset&utm_campaign=oe-cross-reference,MapleV (maplev.ca)
P-156,Rear Fender Garnish - Right,Tour de roue arrière (moulure d'aile) – droit,Fenders,Model Y Juniper,Tesla Model Y Juniper · Feb 2025–,Right,1937596-00-D,1937596,,https://maplev.ca/parts/tesla-model-y-juniper-rear-fender-garnish-right-1937596-00-d/?utm_source=oe-dataset&utm_medium=dataset&utm_campaign=oe-cross-reference,https://maplev.ca/fr/parts/tesla-model-y-juniper-rear-fender-garnish-right-1937596-00-d/?utm_source=oe-dataset&utm_medium=dataset&utm_campaign=oe-cross-reference,MapleV (maplev.ca)
P-157,Rear Bumper Center Bracket,Support central de pare-chocs arrière,Rear Bumper Parts,Model Y Juniper,Tesla Model Y Juniper · Feb 2025–,,1983839-00-B | 2097952-00-C | 2186182-00-C,1983839 | 2097952 | 2186182,,https://maplev.ca/parts/tesla-model-y-juniper-rear-bumper-center-bracket-1983839-00-b/?utm_source=oe-dataset&utm_medium=dataset&utm_campaign=oe-cross-reference,https://maplev.ca/fr/parts/tesla-model-y-juniper-rear-bumper-center-bracket-1983839-00-b/?utm_source=oe-dataset&utm_medium=dataset&utm_campaign=oe-cross-reference,MapleV (maplev.ca)
P-158,Tail Lamp Bracket - Left,Support de feu arrière – gauche,Headlights & Tail Lights,Model Y Juniper,Tesla Model Y Juniper · Feb 2025–,Left,1932679-00-C | 2124414-00-D | 2186180-00-B,1932679 | 2124414 | 2186180,,https://maplev.ca/parts/tesla-model-y-juniper-tail-lamp-bracket-left-1932679-00-c/?utm_source=oe-dataset&utm_medium=dataset&utm_campaign=oe-cross-reference,https://maplev.ca/fr/parts/tesla-model-y-juniper-tail-lamp-bracket-left-1932679-00-c/?utm_source=oe-dataset&utm_medium=dataset&utm_campaign=oe-cross-reference,MapleV (maplev.ca)
P-159,Tail Lamp Bracket - Right,Support de feu arrière – droit,Headlights & Tail Lights,Model Y Juniper,Tesla Model Y Juniper · Feb 2025–,Right,1932681-00-C | 2124415-00-D | 2186181-00-B,1932681 | 2124415 | 2186181,,https://maplev.ca/parts/tesla-model-y-juniper-tail-lamp-bracket-right-1932681-00-c/?utm_source=oe-dataset&utm_medium=dataset&utm_campaign=oe-cross-reference,https://maplev.ca/fr/parts/tesla-model-y-juniper-tail-lamp-bracket-right-1932681-00-c/?utm_source=oe-dataset&utm_medium=dataset&utm_campaign=oe-cross-reference,MapleV (maplev.ca)
P-160,Front Wheel Liner - Left,Fausse-aile avant (doublure d'aile) – gauche,Wheel & Fender Liners,Model Y Juniper,Tesla Model Y Juniper · Feb 2025–,Left,1937545-00-D | 1937545-00-E,1937545,,https://maplev.ca/parts/tesla-model-y-juniper-front-wheel-liner-left-1937545-00-d/?utm_source=oe-dataset&utm_medium=dataset&utm_campaign=oe-cross-reference,https://maplev.ca/fr/parts/tesla-model-y-juniper-front-wheel-liner-left-1937545-00-d/?utm_source=oe-dataset&utm_medium=dataset&utm_campaign=oe-cross-reference,MapleV (maplev.ca)
P-161,Front Wheel Liner - Right,Fausse-aile avant (doublure d'aile) – droite,Wheel & Fender Liners,Model Y Juniper,Tesla Model Y Juniper · Feb 2025–,Right,1937550-00-D | 1937550-00-E,1937550,,https://maplev.ca/parts/tesla-model-y-juniper-front-wheel-liner-right-1937550-00-d/?utm_source=oe-dataset&utm_medium=dataset&utm_campaign=oe-cross-reference,https://maplev.ca/fr/parts/tesla-model-y-juniper-front-wheel-liner-right-1937550-00-d/?utm_source=oe-dataset&utm_medium=dataset&utm_campaign=oe-cross-reference,MapleV (maplev.ca)
P-162,Rear Inner Fender Liner - Left,Fausse-aile arrière (doublure d'aile) – gauche,Wheel & Fender Liners,Model Y Juniper,Tesla Model Y Juniper · Feb 2025–,Left,1937565-00-A | 1937565-01-A,1937565,,https://maplev.ca/parts/tesla-model-y-juniper-rear-inner-fender-liner-left-1937565-00-a/?utm_source=oe-dataset&utm_medium=dataset&utm_campaign=oe-cross-reference,https://maplev.ca/fr/parts/tesla-model-y-juniper-rear-inner-fender-liner-left-1937565-00-a/?utm_source=oe-dataset&utm_medium=dataset&utm_campaign=oe-cross-reference,MapleV (maplev.ca)
P-163,Rear Inner Fender Liner - Right,Fausse-aile arrière (doublure d'aile) – droite,Wheel & Fender Liners,Model Y Juniper,Tesla Model Y Juniper · Feb 2025–,Right,1937566-00-A | 1937566-01-A,1937566,,https://maplev.ca/parts/tesla-model-y-juniper-rear-inner-fender-liner-right-1937566-00-a/?utm_source=oe-dataset&utm_medium=dataset&utm_campaign=oe-cross-reference,https://maplev.ca/fr/parts/tesla-model-y-juniper-rear-inner-fender-liner-right-1937566-00-a/?utm_source=oe-dataset&utm_medium=dataset&utm_campaign=oe-cross-reference,MapleV (maplev.ca)
P-164,Front Tow Hook Cover,Couvercle de crochet de remorquage avant,Front Bumper Parts,Model Y Juniper,Tesla Model Y Juniper · Feb 2025–,,1940191-00-D,1940191,,https://maplev.ca/parts/tesla-model-y-juniper-front-tow-hook-cover-1940191-00-d/?utm_source=oe-dataset&utm_medium=dataset&utm_campaign=oe-cross-reference,https://maplev.ca/fr/parts/tesla-model-y-juniper-front-tow-hook-cover-1940191-00-d/?utm_source=oe-dataset&utm_medium=dataset&utm_campaign=oe-cross-reference,MapleV (maplev.ca)
P-166,Hood Assembly,Capot (ensemble),Hood & Front End Parts,Model 3,Tesla Model 3 · Jun 2017 – Dec 2023,,1081390-E0-C | 1081390-EC-C | 1081390-E0-B,1081390,TA1230100,https://maplev.ca/parts/tesla-model-3-hood-assembly-1081390-e0-c/?utm_source=oe-dataset&utm_medium=dataset&utm_campaign=oe-cross-reference,https://maplev.ca/fr/parts/tesla-model-3-hood-assembly-1081390-e0-c/?utm_source=oe-dataset&utm_medium=dataset&utm_campaign=oe-cross-reference,MapleV (maplev.ca)
P-167,Fender Assembly Front - Left (Remanufactured OE),"Aile avant (ensemble, OE remise à neuf) – gauche",Fenders,Model 3,Tesla Model 3 · Jun 2017 – Dec 2023,Left,1081401-E0-D,1081401,TA1240100,https://maplev.ca/parts/tesla-model-3-fender-assembly-front-left-remanufactured-oe-1081401-e0-d/?utm_source=oe-dataset&utm_medium=dataset&utm_campaign=oe-cross-reference,https://maplev.ca/fr/parts/tesla-model-3-fender-assembly-front-left-remanufactured-oe-1081401-e0-d/?utm_source=oe-dataset&utm_medium=dataset&utm_campaign=oe-cross-reference,MapleV (maplev.ca)
P-168,Fender Assembly Front - Right (Remanufactured OE),"Aile avant (ensemble, OE remise à neuf) – droite",Fenders,Model 3,Tesla Model 3 · Jun 2017 – Dec 2023,Right,1081400-E0-D,1081400,TA1241100,https://maplev.ca/parts/tesla-model-3-fender-assembly-front-right-remanufactured-oe-1081400-e0-d/?utm_source=oe-dataset&utm_medium=dataset&utm_campaign=oe-cross-reference,https://maplev.ca/fr/parts/tesla-model-3-fender-assembly-front-right-remanufactured-oe-1081400-e0-d/?utm_source=oe-dataset&utm_medium=dataset&utm_campaign=oe-cross-reference,MapleV (maplev.ca)
P-169,Fender Assembly Front - Left,Aile avant (ensemble) – gauche,Fenders,Model 3,Tesla Model 3 · Jun 2017 – Dec 2023,Left,1081401-E0-D,1081401,TA1240100,https://maplev.ca/parts/tesla-model-3-fender-assembly-front-left-1081401-e0-d/?utm_source=oe-dataset&utm_medium=dataset&utm_campaign=oe-cross-reference,https://maplev.ca/fr/parts/tesla-model-3-fender-assembly-front-left-1081401-e0-d/?utm_source=oe-dataset&utm_medium=dataset&utm_campaign=oe-cross-reference,MapleV (maplev.ca)
P-170,Fender Assembly Front - Right,Aile avant (ensemble) – droite,Fenders,Model 3,Tesla Model 3 · Jun 2017 – Dec 2023,Right,1081400-E0-D,1081400,TA1241100,https://maplev.ca/parts/tesla-model-3-fender-assembly-front-right-1081400-e0-d/?utm_source=oe-dataset&utm_medium=dataset&utm_campaign=oe-cross-reference,https://maplev.ca/fr/parts/tesla-model-3-fender-assembly-front-right-1081400-e0-d/?utm_source=oe-dataset&utm_medium=dataset&utm_campaign=oe-cross-reference,MapleV (maplev.ca)
P-171,Front Bumper Beam Assembly,Poutre de pare-chocs avant (ensemble),Front Bumper Parts,Model 3,Tesla Model 3 · Jun 2017 – Dec 2023,,1104667-99-J | 1104667-00-F | 1104667-00-K,1104667,TA1006100,https://maplev.ca/parts/tesla-model-3-front-bumper-beam-assembly-1104667-99-j/?utm_source=oe-dataset&utm_medium=dataset&utm_campaign=oe-cross-reference,https://maplev.ca/fr/parts/tesla-model-3-front-bumper-beam-assembly-1104667-99-j/?utm_source=oe-dataset&utm_medium=dataset&utm_campaign=oe-cross-reference,MapleV (maplev.ca)
P-172,Front Bumper Ankle Catcher,Attrape-cheville de pare-chocs avant,Front Bumper Parts,Model 3,Tesla Model 3 · Jun 2017 – Dec 2023,,1084894-00-B | 1855514-00-A,1084894 | 1855514,,https://maplev.ca/parts/tesla-model-3-front-bumper-ankle-catcher-1084894-00-b/?utm_source=oe-dataset&utm_medium=dataset&utm_campaign=oe-cross-reference,https://maplev.ca/fr/parts/tesla-model-3-front-bumper-ankle-catcher-1084894-00-b/?utm_source=oe-dataset&utm_medium=dataset&utm_campaign=oe-cross-reference,MapleV (maplev.ca)
P-173,Rear Bumper Beam,Poutre de pare-chocs arrière,Rear Bumper Parts,Model 3 | Model 3 Highland,"Tesla Model 3, Tesla Model 3 Highland · Jun 2017 – Dec 2023 · Jan 2024–",,1095314-00-C | 1530484-99-B,1095314 | 1530484,TA1106100,https://maplev.ca/parts/tesla-model-3-highland-rear-bumper-beam-1095314-00-c/?utm_source=oe-dataset&utm_medium=dataset&utm_campaign=oe-cross-reference,https://maplev.ca/fr/parts/tesla-model-3-highland-rear-bumper-beam-1095314-00-c/?utm_source=oe-dataset&utm_medium=dataset&utm_campaign=oe-cross-reference,MapleV (maplev.ca)
P-174,Front Crush Can Assembly - Left,Absorbeur de choc avant (crush can) – gauche,Front Bumper Parts,Model 3,Tesla Model 3 · Jun 2017 – Dec 2023,Left,1088148-00-F | 1088148-SC-G,1088148,,https://maplev.ca/parts/tesla-model-3-front-crush-can-assembly-left-1088148-00-f/?utm_source=oe-dataset&utm_medium=dataset&utm_campaign=oe-cross-reference,https://maplev.ca/fr/parts/tesla-model-3-front-crush-can-assembly-left-1088148-00-f/?utm_source=oe-dataset&utm_medium=dataset&utm_campaign=oe-cross-reference,MapleV (maplev.ca)
P-175,Front Crush Can Assembly - Right,Absorbeur de choc avant (crush can) – droit,Front Bumper Parts,Model 3,Tesla Model 3 · Jun 2017 – Dec 2023,Right,1088149-00-F | 1088149-SC-G,1088149,,https://maplev.ca/parts/tesla-model-3-front-crush-can-assembly-right-1088149-00-f/?utm_source=oe-dataset&utm_medium=dataset&utm_campaign=oe-cross-reference,https://maplev.ca/fr/parts/tesla-model-3-front-crush-can-assembly-right-1088149-00-f/?utm_source=oe-dataset&utm_medium=dataset&utm_campaign=oe-cross-reference,MapleV (maplev.ca)
P-176,Crush Can Front Subframe,Absorbeur de choc de berceau avant (crush can),Front Bumper Parts,Model 3 | Model Y | Model 3 Highland | Model Y Juniper,"Tesla Model 3, Tesla Model Y, Tesla Model 3 Highland, Tesla Model Y Juniper · Jun 2017 – Dec 2023 · Jan 2020 – Jan 2025 · Jan 2024– · Feb 2025–",,1109193-00-C,1109193,TA1066100,https://maplev.ca/parts/tesla-model-3-y-crush-can-front-subframe-1109193-00-c/?utm_source=oe-dataset&utm_medium=dataset&utm_campaign=oe-cross-reference,https://maplev.ca/fr/parts/tesla-model-3-y-crush-can-front-subframe-1109193-00-c/?utm_source=oe-dataset&utm_medium=dataset&utm_campaign=oe-cross-reference,MapleV (maplev.ca)
P-177,Hood,Capot,Hood & Front End Parts,Model 3 Highland,Tesla Model 3 Highland · Jan 2024–,,1714047-E0-G | 1714047-EC-D,1714047,TA1230104,https://maplev.ca/parts/tesla-model-3-highland-hood-1714047-e0-g/?utm_source=oe-dataset&utm_medium=dataset&utm_campaign=oe-cross-reference,https://maplev.ca/fr/parts/tesla-model-3-highland-hood-1714047-e0-g/?utm_source=oe-dataset&utm_medium=dataset&utm_campaign=oe-cross-reference,MapleV (maplev.ca)
P-178,Front Fender - Left,Aile avant – gauche,Fenders,Model 3 Highland,Tesla Model 3 Highland · Jan 2024–,Left,1714884-E0-F | 1714884-EC-D,1714884,TA1240103,https://maplev.ca/parts/tesla-model-3-highland-front-fender-left-1714884-e0-f/?utm_source=oe-dataset&utm_medium=dataset&utm_campaign=oe-cross-reference,https://maplev.ca/fr/parts/tesla-model-3-highland-front-fender-left-1714884-e0-f/?utm_source=oe-dataset&utm_medium=dataset&utm_campaign=oe-cross-reference,MapleV (maplev.ca)
P-179,Front Fender - Right,Aile avant – droite,Fenders,Model 3 Highland,Tesla Model 3 Highland · Jan 2024–,Right,1714888-E0-F | 1714888-EC-D,1714888,TA1241103,https://maplev.ca/parts/tesla-model-3-highland-front-fender-right-1714888-e0-f/?utm_source=oe-dataset&utm_medium=dataset&utm_campaign=oe-cross-reference,https://maplev.ca/fr/parts/tesla-model-3-highland-front-fender-right-1714888-e0-f/?utm_source=oe-dataset&utm_medium=dataset&utm_campaign=oe-cross-reference,MapleV (maplev.ca)
P-180,Crush Can - Left,Absorbeur de choc avant (crush can) – gauche,Front Bumper Parts,Model 3 Highland,Tesla Model 3 Highland · Jan 2024–,Left,1683943-00-E | 1683943-00-D,1683943,,https://maplev.ca/parts/tesla-model-3-highland-crush-can-left-1683943-00-e/?utm_source=oe-dataset&utm_medium=dataset&utm_campaign=oe-cross-reference,https://maplev.ca/fr/parts/tesla-model-3-highland-crush-can-left-1683943-00-e/?utm_source=oe-dataset&utm_medium=dataset&utm_campaign=oe-cross-reference,MapleV (maplev.ca)
P-181,Crush Can - Right,Absorbeur de choc avant (crush can) – droit,Front Bumper Parts,Model 3 Highland,Tesla Model 3 Highland · Jan 2024–,Right,1683942-00-F | 1683942-00-E,1683942,,https://maplev.ca/parts/tesla-model-3-highland-crush-can-right-1683942-00-f/?utm_source=oe-dataset&utm_medium=dataset&utm_campaign=oe-cross-reference,https://maplev.ca/fr/parts/tesla-model-3-highland-crush-can-right-1683942-00-f/?utm_source=oe-dataset&utm_medium=dataset&utm_campaign=oe-cross-reference,MapleV (maplev.ca)
P-182,Hood Assembly,Capot (ensemble),Hood & Front End Parts,Model Y,Tesla Model Y · Jan 2020 – Jan 2025,,1493370-E0-A | 1493370-EC-A,1493370,TA1230102,https://maplev.ca/parts/tesla-model-y-hood-assembly-1493370-e0-a/?utm_source=oe-dataset&utm_medium=dataset&utm_campaign=oe-cross-reference,https://maplev.ca/fr/parts/tesla-model-y-hood-assembly-1493370-e0-a/?utm_source=oe-dataset&utm_medium=dataset&utm_campaign=oe-cross-reference,MapleV (maplev.ca)
P-183,Front Fender Assembly - Left,Aile avant (ensemble) – gauche,Fenders,Model Y,Tesla Model Y · Jan 2020 – Jan 2025,Left,1493451-E0-B | 1493451-EC-A,1493451,TA1240101,https://maplev.ca/parts/tesla-model-y-front-fender-assembly-left-1493451-e0-b/?utm_source=oe-dataset&utm_medium=dataset&utm_campaign=oe-cross-reference,https://maplev.ca/fr/parts/tesla-model-y-front-fender-assembly-left-1493451-e0-b/?utm_source=oe-dataset&utm_medium=dataset&utm_campaign=oe-cross-reference,MapleV (maplev.ca)
P-184,Front Fender Assembly - Right,Aile avant (ensemble) – droite,Fenders,Model Y,Tesla Model Y · Jan 2020 – Jan 2025,Right,1493452-E0-B | 1493452-EC-A,1493452,TA1241101,https://maplev.ca/parts/tesla-model-y-front-fender-assembly-right-1493452-e0-b/?utm_source=oe-dataset&utm_medium=dataset&utm_campaign=oe-cross-reference,https://maplev.ca/fr/parts/tesla-model-y-front-fender-assembly-right-1493452-e0-b/?utm_source=oe-dataset&utm_medium=dataset&utm_campaign=oe-cross-reference,MapleV (maplev.ca)
P-185,Front Bumper Beam Assembly,Poutre de pare-chocs avant (ensemble),Front Bumper Parts,Model Y,Tesla Model Y · Jan 2020 – Jan 2025,,1487601-00-F | 1487601-00-C | 1687601-00-E,1487601 | 1687601,,https://maplev.ca/parts/tesla-model-y-front-bumper-beam-assembly-1487601-00-f/?utm_source=oe-dataset&utm_medium=dataset&utm_campaign=oe-cross-reference,https://maplev.ca/fr/parts/tesla-model-y-front-bumper-beam-assembly-1487601-00-f/?utm_source=oe-dataset&utm_medium=dataset&utm_campaign=oe-cross-reference,MapleV (maplev.ca)
P-186,Ankle Catcher Assembly,Attrape-cheville (ensemble),Front Bumper Parts,Model Y,Tesla Model Y · Jan 2020 – Jan 2025,,1505433-00-B | 1505433-00-A,1505433,,https://maplev.ca/parts/tesla-model-y-ankle-catcher-assembly-1505433-00-b/?utm_source=oe-dataset&utm_medium=dataset&utm_campaign=oe-cross-reference,https://maplev.ca/fr/parts/tesla-model-y-ankle-catcher-assembly-1505433-00-b/?utm_source=oe-dataset&utm_medium=dataset&utm_campaign=oe-cross-reference,MapleV (maplev.ca)
P-187,Rear Bumper Beam Assembly,Poutre de pare-chocs arrière (ensemble),Rear Bumper Parts,Model Y,Tesla Model Y · Jan 2020 – Jan 2025,,1487616-00-B | 1487616-00-A | 1487616-00-C,1487616,,https://maplev.ca/parts/tesla-model-y-rear-bumper-beam-assembly-1487616-00-b/?utm_source=oe-dataset&utm_medium=dataset&utm_campaign=oe-cross-reference,https://maplev.ca/fr/parts/tesla-model-y-rear-bumper-beam-assembly-1487616-00-b/?utm_source=oe-dataset&utm_medium=dataset&utm_campaign=oe-cross-reference,MapleV (maplev.ca)
P-188,Front Bumper Reinforcement Crush Can - Left,Absorbeur de choc de renfort de pare-chocs avant (crush can) – gauche,Front Bumper Parts,Model Y | Model Y Juniper,"Tesla Model Y, Tesla Model Y Juniper · Jan 2020 – Jan 2025 · Feb 2025–",Left,1487461-00-E | 1487461-00-A | 1608453-00-B | 1487461-00-F,1487461 | 1608453,,https://maplev.ca/parts/tesla-model-y-front-bumper-reinforcement-crush-can-left-1487461-00-e/?utm_source=oe-dataset&utm_medium=dataset&utm_campaign=oe-cross-reference,https://maplev.ca/fr/parts/tesla-model-y-front-bumper-reinforcement-crush-can-left-1487461-00-e/?utm_source=oe-dataset&utm_medium=dataset&utm_campaign=oe-cross-reference,MapleV (maplev.ca)
P-189,Front Bumper Reinforcement Crush Can - Right,Absorbeur de choc de renfort de pare-chocs avant (crush can) – droit,Front Bumper Parts,Model Y | Model Y Juniper,"Tesla Model Y, Tesla Model Y Juniper · Jan 2020 – Jan 2025 · Feb 2025–",Right,1487462-00-E | 1487462-00-A | 1608454-00-B | 1487462-00-F,1487462 | 1608454,,https://maplev.ca/parts/tesla-model-y-front-bumper-reinforcement-crush-can-right-1487462-00-e/?utm_source=oe-dataset&utm_medium=dataset&utm_campaign=oe-cross-reference,https://maplev.ca/fr/parts/tesla-model-y-front-bumper-reinforcement-crush-can-right-1487462-00-e/?utm_source=oe-dataset&utm_medium=dataset&utm_campaign=oe-cross-reference,MapleV (maplev.ca)
P-190,Front Fender Assembly - Left,Aile avant (ensemble) – gauche,Fenders,Model Y Juniper,Tesla Model Y Juniper · Feb 2025–,Left,1934344-E0-A | 1934344-EC-A | 1934344-ET-A,1934344,,https://maplev.ca/parts/tesla-model-y-juniper-front-fender-assembly-left-1934344-e0-a/?utm_source=oe-dataset&utm_medium=dataset&utm_campaign=oe-cross-reference,https://maplev.ca/fr/parts/tesla-model-y-juniper-front-fender-assembly-left-1934344-e0-a/?utm_source=oe-dataset&utm_medium=dataset&utm_campaign=oe-cross-reference,MapleV (maplev.ca)
P-191,Front Fender Assembly - Right,Aile avant (ensemble) – droite,Fenders,Model Y Juniper,Tesla Model Y Juniper · Feb 2025–,Right,1934345-E0-A | 1934345-EC-A | 1934345-ET-A,1934345,,https://maplev.ca/parts/tesla-model-y-juniper-front-fender-assembly-right-1934345-e0-a/?utm_source=oe-dataset&utm_medium=dataset&utm_campaign=oe-cross-reference,https://maplev.ca/fr/parts/tesla-model-y-juniper-front-fender-assembly-right-1934345-e0-a/?utm_source=oe-dataset&utm_medium=dataset&utm_campaign=oe-cross-reference,MapleV (maplev.ca)
P-192,Headlight - Left,Phare – gauche,Headlights & Tail Lights,Model 3 | Model Y,"Tesla Model 3, Tesla Model Y · 2021 – Dec 2023 · Jan 2020 – Jan 2025",Left,1514952-00-E | 1514952-00-C,1514952,,https://maplev.ca/parts/tesla-model-3-y-headlight-left-1514952-00-e/?utm_source=oe-dataset&utm_medium=dataset&utm_campaign=oe-cross-reference,https://maplev.ca/fr/parts/tesla-model-3-y-headlight-left-1514952-00-e/?utm_source=oe-dataset&utm_medium=dataset&utm_campaign=oe-cross-reference,MapleV (maplev.ca)
P-193,Headlight - Right,Phare – droit,Headlights & Tail Lights,Model 3 | Model Y,"Tesla Model 3, Tesla Model Y · 2021 – Dec 2023 · Jan 2020 – Jan 2025",Right,1514953-00-E | 1514953-00-C,1514953,,https://maplev.ca/parts/tesla-model-3-y-headlight-right-1514953-00-e/?utm_source=oe-dataset&utm_medium=dataset&utm_campaign=oe-cross-reference,https://maplev.ca/fr/parts/tesla-model-3-y-headlight-right-1514953-00-e/?utm_source=oe-dataset&utm_medium=dataset&utm_campaign=oe-cross-reference,MapleV (maplev.ca)
P-194,Headlight - Left,Phare – gauche,Headlights & Tail Lights,Model 3,Tesla Model 3 · Jun 2017 – 2020,Left,1077375-00-C | 1077371-00-K,1077375 | 1077371,,https://maplev.ca/parts/tesla-model-3-headlight-left-1077375-00-c/?utm_source=oe-dataset&utm_medium=dataset&utm_campaign=oe-cross-reference,https://maplev.ca/fr/parts/tesla-model-3-headlight-left-1077375-00-c/?utm_source=oe-dataset&utm_medium=dataset&utm_campaign=oe-cross-reference,MapleV (maplev.ca)
P-195,Headlight - Right,Phare – droit,Headlights & Tail Lights,Model 3,Tesla Model 3 · Jun 2017 – 2020,Right,1077376-00-C | 1077372-00-K,1077376 | 1077372,,https://maplev.ca/parts/tesla-model-3-headlight-right-1077376-00-c/?utm_source=oe-dataset&utm_medium=dataset&utm_campaign=oe-cross-reference,https://maplev.ca/fr/parts/tesla-model-3-headlight-right-1077376-00-c/?utm_source=oe-dataset&utm_medium=dataset&utm_campaign=oe-cross-reference,MapleV (maplev.ca)
P-196,Tail Lamp Assembly Rear Bodyside (3-Pin) - Left,"Feu arrière extérieur (côté de caisse, 3 broches) – gauche",Headlights & Tail Lights,Model 3 | Model Y,"Tesla Model 3, Tesla Model Y · Jun 2017 – Dec 2023 · Jan 2020 – Jan 2025",Left,1077397-00-H | 1077397-00-D,1077397,TA2804101,https://maplev.ca/parts/tesla-model-3-y-tail-lamp-assembly-rear-bodyside-3-pin-left-1077397-00-h/?utm_source=oe-dataset&utm_medium=dataset&utm_campaign=oe-cross-reference,https://maplev.ca/fr/parts/tesla-model-3-y-tail-lamp-assembly-rear-bodyside-3-pin-left-1077397-00-h/?utm_source=oe-dataset&utm_medium=dataset&utm_campaign=oe-cross-reference,MapleV (maplev.ca)
P-197,Tail Lamp Assembly Rear Bodyside (3-Pin) - Right,"Feu arrière extérieur (côté de caisse, 3 broches) – droit",Headlights & Tail Lights,Model 3 | Model Y,"Tesla Model 3, Tesla Model Y · Jun 2017 – Dec 2023 · Jan 2020 – Jan 2025",Right,1077398-00-H | 1077398-00-C,1077398,TA2805101,https://maplev.ca/parts/tesla-model-3-y-tail-lamp-assembly-rear-bodyside-3-pin-right-1077398-00-h/?utm_source=oe-dataset&utm_medium=dataset&utm_campaign=oe-cross-reference,https://maplev.ca/fr/parts/tesla-model-3-y-tail-lamp-assembly-rear-bodyside-3-pin-right-1077398-00-h/?utm_source=oe-dataset&utm_medium=dataset&utm_campaign=oe-cross-reference,MapleV (maplev.ca)
P-198,Inner Tail Lamp (3-Pin) - Left,"Feu arrière intérieur (sur le coffre, 3 broches) – gauche",Headlights & Tail Lights,Model 3 | Model Y,"Tesla Model 3, Tesla Model Y · Jun 2017 – Dec 2023 · Jan 2020 – Jan 2025",Left,1077401-00-G,1077401,TA2802100,https://maplev.ca/parts/tesla-model-3-y-inner-tail-lamp-3-pin-left-1077401-00-g/?utm_source=oe-dataset&utm_medium=dataset&utm_campaign=oe-cross-reference,https://maplev.ca/fr/parts/tesla-model-3-y-inner-tail-lamp-3-pin-left-1077401-00-g/?utm_source=oe-dataset&utm_medium=dataset&utm_campaign=oe-cross-reference,MapleV (maplev.ca)
P-199,Inner Tail Lamp (3-Pin) - Right,"Feu arrière intérieur (sur le coffre, 3 broches) – droit",Headlights & Tail Lights,Model 3 | Model Y,"Tesla Model 3, Tesla Model Y · Jun 2017 – Dec 2023 · Jan 2020 – Jan 2025",Right,1077402-00-G,1077402,TA2803100,https://maplev.ca/parts/tesla-model-3-y-inner-tail-lamp-3-pin-right-1077402-00-g/?utm_source=oe-dataset&utm_medium=dataset&utm_campaign=oe-cross-reference,https://maplev.ca/fr/parts/tesla-model-3-y-inner-tail-lamp-3-pin-right-1077402-00-g/?utm_source=oe-dataset&utm_medium=dataset&utm_campaign=oe-cross-reference,MapleV (maplev.ca)
P-200,Rear Reflector - Left,Réflecteur arrière (pare-chocs) – gauche,Headlights & Tail Lights,Model 3,Tesla Model 3 · Jun 2017 – Dec 2023,Left,1077406-00-F | 1732381-00-A,1077406 | 1732381,,https://maplev.ca/parts/tesla-model-3-rear-reflector-left-1077406-00-f/?utm_source=oe-dataset&utm_medium=dataset&utm_campaign=oe-cross-reference,https://maplev.ca/fr/parts/tesla-model-3-rear-reflector-left-1077406-00-f/?utm_source=oe-dataset&utm_medium=dataset&utm_campaign=oe-cross-reference,MapleV (maplev.ca)
P-201,Rear Reflector - Right,Réflecteur arrière (pare-chocs) – droit,Headlights & Tail Lights,Model 3,Tesla Model 3 · Jun 2017 – Dec 2023,Right,1077407-00-F | 1732382-00-A,1077407 | 1732382,,https://maplev.ca/parts/tesla-model-3-rear-reflector-right-1077407-00-f/?utm_source=oe-dataset&utm_medium=dataset&utm_campaign=oe-cross-reference,https://maplev.ca/fr/parts/tesla-model-3-rear-reflector-right-1077407-00-f/?utm_source=oe-dataset&utm_medium=dataset&utm_campaign=oe-cross-reference,MapleV (maplev.ca)
P-202,Door Panel Reflector,Réflecteur de porte,Headlights & Tail Lights,Model 3 | Model 3 Highland | Model Y | Model Y Juniper,"Tesla Model 3, Tesla Model 3 Highland, Tesla Model Y, Tesla Model Y Juniper · Jun 2017 – Dec 2023 · Jan 2024– · Jan 2020 – Jan 2025 · Feb 2025–",,1742864-00-B | 1085105-00-E | 1742864-00-A,1742864 | 1085105,,https://maplev.ca/parts/tesla-model-3-y-door-panel-reflector-1742864-00-b/?utm_source=oe-dataset&utm_medium=dataset&utm_campaign=oe-cross-reference,https://maplev.ca/fr/parts/tesla-model-3-y-door-panel-reflector-1742864-00-b/?utm_source=oe-dataset&utm_medium=dataset&utm_campaign=oe-cross-reference,MapleV (maplev.ca)
P-203,Rear Reflector - Left,Réflecteur arrière (pare-chocs) – gauche,Headlights & Tail Lights,Model Y,Tesla Model Y · Jan 2020 – Jan 2025,Left,1495817-00-C | 1626226-00-A,1495817 | 1626226,,https://maplev.ca/parts/tesla-model-y-rear-reflector-left-1495817-00-c/?utm_source=oe-dataset&utm_medium=dataset&utm_campaign=oe-cross-reference,https://maplev.ca/fr/parts/tesla-model-y-rear-reflector-left-1495817-00-c/?utm_source=oe-dataset&utm_medium=dataset&utm_campaign=oe-cross-reference,MapleV (maplev.ca)
P-204,Rear Reflector - Right,Réflecteur arrière (pare-chocs) – droit,Headlights & Tail Lights,Model Y,Tesla Model Y · Jan 2020 – Jan 2025,Right,1495818-00-C | 1495818-00-B | 1626227-00-A,1495818 | 1626227,,https://maplev.ca/parts/tesla-model-y-rear-reflector-right-1495818-00-c/?utm_source=oe-dataset&utm_medium=dataset&utm_campaign=oe-cross-reference,https://maplev.ca/fr/parts/tesla-model-y-rear-reflector-right-1495818-00-c/?utm_source=oe-dataset&utm_medium=dataset&utm_campaign=oe-cross-reference,MapleV (maplev.ca)
P-205,Rear Quarter Reflector Trim - Right,Garniture réfléchissante de panneau de custode arrière – droite,Headlights & Tail Lights,Model 3 | Model Y,"Tesla Model 3, Tesla Model Y · Jun 2017 – Dec 2023 · Jan 2020 – Jan 2025",Right,1518783-00-B | 1518783-10-B | 1518783-00-A | 1100781-99-D,1518783 | 1100781,,https://maplev.ca/parts/tesla-model-3-y-rear-quarter-reflector-trim-right-1518783-00-b/?utm_source=oe-dataset&utm_medium=dataset&utm_campaign=oe-cross-reference,https://maplev.ca/fr/parts/tesla-model-3-y-rear-quarter-reflector-trim-right-1518783-00-b/?utm_source=oe-dataset&utm_medium=dataset&utm_campaign=oe-cross-reference,MapleV (maplev.ca)
P-206,Charge Port Door - Outer Cover Panel Only - Left,Trappe de la prise de recharge – panneau extérieur seulement – gauche,Rear Panel & Trunk Parts,Model 3 | Model Y,"Tesla Model 3, Tesla Model Y · Jun 2017 – Dec 2023 · Jan 2020 – Jan 2025",Left,1525134-00-B | 1525134-00-C | 1566302-10-J,1525134 | 1566302,,https://maplev.ca/parts/tesla-model-3-y-charge-port-door-outer-cover-panel-only-left-1525134-00-b/?utm_source=oe-dataset&utm_medium=dataset&utm_campaign=oe-cross-reference,https://maplev.ca/fr/parts/tesla-model-3-y-charge-port-door-outer-cover-panel-only-left-1525134-00-b/?utm_source=oe-dataset&utm_medium=dataset&utm_campaign=oe-cross-reference,MapleV (maplev.ca)
P-207,Fog Light - Left,Phare antibrouillard avant – gauche,Headlights & Tail Lights,Model 3 | Model Y,"Tesla Model 3, Tesla Model Y · Jun 2017 – Dec 2023 · Jan 2020 – Jan 2025",Left,1077391-00-F | 1624797-00-A,1077391 | 1624797,TA2592101,https://maplev.ca/parts/tesla-model-3-y-fog-light-left-1077391-00-f/?utm_source=oe-dataset&utm_medium=dataset&utm_campaign=oe-cross-reference,https://maplev.ca/fr/parts/tesla-model-3-y-fog-light-left-1077391-00-f/?utm_source=oe-dataset&utm_medium=dataset&utm_campaign=oe-cross-reference,MapleV (maplev.ca)
P-208,Fog Light - Right,Phare antibrouillard avant – droit,Headlights & Tail Lights,Model 3 | Model Y,"Tesla Model 3, Tesla Model Y · Jun 2017 – Dec 2023 · Jan 2020 – Jan 2025",Right,1077392-00-F | 1624798-00-A,1077392 | 1624798,TA2593101,https://maplev.ca/parts/tesla-model-3-y-fog-light-right-1077392-00-f/?utm_source=oe-dataset&utm_medium=dataset&utm_campaign=oe-cross-reference,https://maplev.ca/fr/parts/tesla-model-3-y-fog-light-right-1077392-00-f/?utm_source=oe-dataset&utm_medium=dataset&utm_campaign=oe-cross-reference,MapleV (maplev.ca)
P-209,Headlight - Left,Phare – gauche,Headlights & Tail Lights,Model 3 Highland,Tesla Model 3 Highland · Jan 2024–,Left,1694086-00-I | 1694086-00-J | 1694086-00-K | 1760888-00-I | 1760888-00-H,1694086 | 1760888,,https://maplev.ca/parts/tesla-model-3-highland-headlight-left-1694086-00-i/?utm_source=oe-dataset&utm_medium=dataset&utm_campaign=oe-cross-reference,https://maplev.ca/fr/parts/tesla-model-3-highland-headlight-left-1694086-00-i/?utm_source=oe-dataset&utm_medium=dataset&utm_campaign=oe-cross-reference,MapleV (maplev.ca)
P-210,Headlight - Right,Phare – droit,Headlights & Tail Lights,Model 3 Highland,Tesla Model 3 Highland · Jan 2024–,Right,1694087-00-I | 1694087-00-J | 1694087-00-K | 1760889-00-I | 1760889-00-H,1694087 | 1760889,,https://maplev.ca/parts/tesla-model-3-highland-headlight-right-1694087-00-i/?utm_source=oe-dataset&utm_medium=dataset&utm_campaign=oe-cross-reference,https://maplev.ca/fr/parts/tesla-model-3-highland-headlight-right-1694087-00-i/?utm_source=oe-dataset&utm_medium=dataset&utm_campaign=oe-cross-reference,MapleV (maplev.ca)
P-211,Liftgate Tail Lamp - Left,Feu arrière intérieur (sur le coffre) – gauche,Headlights & Tail Lights,Model 3 Highland,Tesla Model 3 Highland · Jan 2024–,Left,1691498-00-F | 1691498-98-F,1691498,,https://maplev.ca/parts/tesla-model-3-highland-liftgate-tail-lamp-left-1691498-00-f/?utm_source=oe-dataset&utm_medium=dataset&utm_campaign=oe-cross-reference,https://maplev.ca/fr/parts/tesla-model-3-highland-liftgate-tail-lamp-left-1691498-00-f/?utm_source=oe-dataset&utm_medium=dataset&utm_campaign=oe-cross-reference,MapleV (maplev.ca)
P-212,Liftgate Tail Lamp - Right,Feu arrière intérieur (sur le coffre) – droit,Headlights & Tail Lights,Model 3 Highland,Tesla Model 3 Highland · Jan 2024–,Right,1691500-00-F,1691500,,https://maplev.ca/parts/tesla-model-3-highland-liftgate-tail-lamp-right-1691500-00-f/?utm_source=oe-dataset&utm_medium=dataset&utm_campaign=oe-cross-reference,https://maplev.ca/fr/parts/tesla-model-3-highland-liftgate-tail-lamp-right-1691500-00-f/?utm_source=oe-dataset&utm_medium=dataset&utm_campaign=oe-cross-reference,MapleV (maplev.ca)
P-213,Rear Fascia Tail Lamp (Outer) - Left,Feu arrière extérieur (sur le pare-chocs) – gauche,Headlights & Tail Lights,Model 3 Highland,Tesla Model 3 Highland · Jan 2024–,Left,1712513-00-E | 1712513-00-D | 1712513-00-F,1712513,,https://maplev.ca/parts/tesla-model-3-highland-rear-fascia-tail-lamp-outer-left-1712513-00-e/?utm_source=oe-dataset&utm_medium=dataset&utm_campaign=oe-cross-reference,https://maplev.ca/fr/parts/tesla-model-3-highland-rear-fascia-tail-lamp-outer-left-1712513-00-e/?utm_source=oe-dataset&utm_medium=dataset&utm_campaign=oe-cross-reference,MapleV (maplev.ca)
P-214,Rear Fascia Tail Lamp (Outer) - Right,Feu arrière extérieur (sur le pare-chocs) – droit,Headlights & Tail Lights,Model 3 Highland,Tesla Model 3 Highland · Jan 2024–,Right,1712514-00-E | 1712514-00-D | 1712514-00-F,1712514,,https://maplev.ca/parts/tesla-model-3-highland-rear-fascia-tail-lamp-outer-right-1712514-00-e/?utm_source=oe-dataset&utm_medium=dataset&utm_campaign=oe-cross-reference,https://maplev.ca/fr/parts/tesla-model-3-highland-rear-fascia-tail-lamp-outer-right-1712514-00-e/?utm_source=oe-dataset&utm_medium=dataset&utm_campaign=oe-cross-reference,MapleV (maplev.ca)
P-215,Tail Lamp Assembly Rear Bodyside (4-Pin) - Left,"Feu arrière extérieur (côté de caisse, 4 broches) – gauche",Headlights & Tail Lights,Model 3 | Model Y,"Tesla Model 3, Tesla Model Y · Jun 2017 – Dec 2023 · Jan 2020 – Jan 2025",Left,1502086-00-D,1502086,,https://maplev.ca/parts/tesla-model-3-y-tail-lamp-assembly-rear-bodyside-4-pin-left-1502086-00-d/?utm_source=oe-dataset&utm_medium=dataset&utm_campaign=oe-cross-reference,https://maplev.ca/fr/parts/tesla-model-3-y-tail-lamp-assembly-rear-bodyside-4-pin-left-1502086-00-d/?utm_source=oe-dataset&utm_medium=dataset&utm_campaign=oe-cross-reference,MapleV (maplev.ca)
P-216,Tail Lamp Assembly Rear Bodyside (4-Pin) - Right,"Feu arrière extérieur (côté de caisse, 4 broches) – droit",Headlights & Tail Lights,Model 3 | Model Y,"Tesla Model 3, Tesla Model Y · Jun 2017 – Dec 2023 · Jan 2020 – Jan 2025",Right,1502087-00-D,1502087,,https://maplev.ca/parts/tesla-model-3-y-tail-lamp-assembly-rear-bodyside-4-pin-right-1502087-00-d/?utm_source=oe-dataset&utm_medium=dataset&utm_campaign=oe-cross-reference,https://maplev.ca/fr/parts/tesla-model-3-y-tail-lamp-assembly-rear-bodyside-4-pin-right-1502087-00-d/?utm_source=oe-dataset&utm_medium=dataset&utm_campaign=oe-cross-reference,MapleV (maplev.ca)
P-217,Tail Lamp Assembly Liftgate (4-Pin) - Left,"Feu arrière intérieur (sur le hayon ou le coffre, 4 broches) – gauche",Headlights & Tail Lights,Model 3 | Model Y,"Tesla Model 3, Tesla Model Y · Jun 2017 – Dec 2023 · Jan 2020 – Jan 2025",Left,1502088-00-B,1502088,,https://maplev.ca/parts/tesla-model-3-y-tail-lamp-assembly-liftgate-4-pin-left-1502088-00-b/?utm_source=oe-dataset&utm_medium=dataset&utm_campaign=oe-cross-reference,https://maplev.ca/fr/parts/tesla-model-3-y-tail-lamp-assembly-liftgate-4-pin-left-1502088-00-b/?utm_source=oe-dataset&utm_medium=dataset&utm_campaign=oe-cross-reference,MapleV (maplev.ca)
P-218,Tail Lamp Assembly Liftgate (4-Pin) - Right,"Feu arrière intérieur (sur le hayon ou le coffre, 4 broches) – droit",Headlights & Tail Lights,Model 3 | Model Y,"Tesla Model 3, Tesla Model Y · Jun 2017 – Dec 2023 · Jan 2020 – Jan 2025",Right,1502089-00-B,1502089,,https://maplev.ca/parts/tesla-model-3-y-tail-lamp-assembly-liftgate-4-pin-right-1502089-00-b/?utm_source=oe-dataset&utm_medium=dataset&utm_campaign=oe-cross-reference,https://maplev.ca/fr/parts/tesla-model-3-y-tail-lamp-assembly-liftgate-4-pin-right-1502089-00-b/?utm_source=oe-dataset&utm_medium=dataset&utm_campaign=oe-cross-reference,MapleV (maplev.ca)
P-219,Headlight (Premium) - Left,Phare (Premium) – gauche,Headlights & Tail Lights,Model Y Juniper,Tesla Model Y Juniper · Feb 2025–,Left,1918347-00-D | 1918347-00-E | 1918347-00-F,1918347,,https://maplev.ca/parts/tesla-model-y-juniper-headlight-premium-left-1918347-00-d/?utm_source=oe-dataset&utm_medium=dataset&utm_campaign=oe-cross-reference,https://maplev.ca/fr/parts/tesla-model-y-juniper-headlight-premium-left-1918347-00-d/?utm_source=oe-dataset&utm_medium=dataset&utm_campaign=oe-cross-reference,MapleV (maplev.ca)
P-220,Headlight (Premium) - Right,Phare (Premium) – droit,Headlights & Tail Lights,Model Y Juniper,Tesla Model Y Juniper · Feb 2025–,Right,1918348-00-D | 1918348-00-E,1918348,,https://maplev.ca/parts/tesla-model-y-juniper-headlight-premium-right-1918348-00-d/?utm_source=oe-dataset&utm_medium=dataset&utm_campaign=oe-cross-reference,https://maplev.ca/fr/parts/tesla-model-y-juniper-headlight-premium-right-1918348-00-d/?utm_source=oe-dataset&utm_medium=dataset&utm_campaign=oe-cross-reference,MapleV (maplev.ca)
P-221,Front Lightbar,Barre lumineuse avant,Headlights & Tail Lights,Model Y Juniper,Tesla Model Y Juniper · Feb 2025–,,2038294-00-E | 2038294-00-C,2038294,,https://maplev.ca/parts/tesla-model-y-juniper-front-lightbar-2038294-00-e/?utm_source=oe-dataset&utm_medium=dataset&utm_campaign=oe-cross-reference,https://maplev.ca/fr/parts/tesla-model-y-juniper-front-lightbar-2038294-00-e/?utm_source=oe-dataset&utm_medium=dataset&utm_campaign=oe-cross-reference,MapleV (maplev.ca)
P-222,Cabin Air Filter (Set of 2),Filtre d'habitacle (jeu de 2),Electronics & Accessories,Model 3 | Model 3 Highland | Model Y | Model Y Juniper,"Tesla Model 3, Tesla Model 3 Highland, Tesla Model Y, Tesla Model Y Juniper · Jun 2017 – Dec 2023 · Jan 2024– · Jan 2020 – Jan 2025 · Feb 2025–",,1107681-00-C | 1813371-00-B,1107681 | 1813371,,https://maplev.ca/parts/tesla-model-3-y-cabin-air-filter-set-of-2-1107681-00-c/?utm_source=oe-dataset&utm_medium=dataset&utm_campaign=oe-cross-reference,https://maplev.ca/fr/parts/tesla-model-3-y-cabin-air-filter-set-of-2-1107681-00-c/?utm_source=oe-dataset&utm_medium=dataset&utm_campaign=oe-cross-reference,MapleV (maplev.ca)
P-223,HEPA Cabin Air Filter (Set of 2),Filtre d'habitacle HEPA (jeu de 2),Electronics & Accessories,Model Y | Model Y Juniper,"Tesla Model Y, Tesla Model Y Juniper · Jan 2020 – Jan 2025 · Feb 2025–",,1658375-00-B | 1658375-00-A,1658375,,https://maplev.ca/parts/tesla-model-y-hepa-cabin-air-filter-set-of-2-1658375-00-b/?utm_source=oe-dataset&utm_medium=dataset&utm_campaign=oe-cross-reference,https://maplev.ca/fr/parts/tesla-model-y-hepa-cabin-air-filter-set-of-2-1658375-00-b/?utm_source=oe-dataset&utm_medium=dataset&utm_campaign=oe-cross-reference,MapleV (maplev.ca)
P-228,Tire Pressure Sensor (2 Year Warranty),"Capteur de pression des pneus (TPMS, garantie 2 ans)",Electronics & Accessories,Model 3 | Model 3 Highland | Model Y | Model Y Juniper,"Tesla Model 3, Tesla Model 3 Highland, Tesla Model Y, Tesla Model Y Juniper · 2021 – Dec 2023 · Jan 2024– · Jan 2020 – Jan 2025 · Feb 2025–",,1490701-01-C | 1490701-00-D,1490701,,https://maplev.ca/parts/tesla-model-3-y-tire-pressure-sensor-2-year-warranty-1490701-01-c/?utm_source=oe-dataset&utm_medium=dataset&utm_campaign=oe-cross-reference,https://maplev.ca/fr/parts/tesla-model-3-y-tire-pressure-sensor-2-year-warranty-1490701-01-c/?utm_source=oe-dataset&utm_medium=dataset&utm_campaign=oe-cross-reference,MapleV (maplev.ca)
P-229,Side Mirror Cover White - Left,"Couvercle de rétroviseur extérieur, blanc – gauche",Side Mirror Covers,Model 3 | Model 3 Highland,"Tesla Model 3, Tesla Model 3 Highland · Jun 2017 – Dec 2023 · Jan 2024–",Left,1092290-00-D,1092290,,https://maplev.ca/parts/tesla-model-3-highland-side-mirror-cover-white-left-1092290-00-d/?utm_source=oe-dataset&utm_medium=dataset&utm_campaign=oe-cross-reference,https://maplev.ca/fr/parts/tesla-model-3-highland-side-mirror-cover-white-left-1092290-00-d/?utm_source=oe-dataset&utm_medium=dataset&utm_campaign=oe-cross-reference,MapleV (maplev.ca)
P-230,Side Mirror Cover White - Right,"Couvercle de rétroviseur extérieur, blanc – droit",Side Mirror Covers,Model 3 | Model 3 Highland,"Tesla Model 3, Tesla Model 3 Highland · Jun 2017 – Dec 2023 · Jan 2024–",Right,1092292-00-D,1092292,,https://maplev.ca/parts/tesla-model-3-highland-side-mirror-cover-white-right-1092292-00-d/?utm_source=oe-dataset&utm_medium=dataset&utm_campaign=oe-cross-reference,https://maplev.ca/fr/parts/tesla-model-3-highland-side-mirror-cover-white-right-1092292-00-d/?utm_source=oe-dataset&utm_medium=dataset&utm_campaign=oe-cross-reference,MapleV (maplev.ca)
P-231,Side Mirror Cover Black - Left,"Couvercle de rétroviseur extérieur, noir – gauche",Side Mirror Covers,Model 3 | Model 3 Highland,"Tesla Model 3, Tesla Model 3 Highland · Jun 2017 – Dec 2023 · Jan 2024–",Left,1092290-00-D,1092290,,https://maplev.ca/parts/tesla-model-3-highland-side-mirror-cover-black-left-1092290-00-d/?utm_source=oe-dataset&utm_medium=dataset&utm_campaign=oe-cross-reference,https://maplev.ca/fr/parts/tesla-model-3-highland-side-mirror-cover-black-left-1092290-00-d/?utm_source=oe-dataset&utm_medium=dataset&utm_campaign=oe-cross-reference,MapleV (maplev.ca)
P-232,Side Mirror Cover Black - Right,"Couvercle de rétroviseur extérieur, noir – droit",Side Mirror Covers,Model 3 | Model 3 Highland,"Tesla Model 3, Tesla Model 3 Highland · Jun 2017 – Dec 2023 · Jan 2024–",Right,1092292-00-D,1092292,,https://maplev.ca/parts/tesla-model-3-highland-side-mirror-cover-black-right-1092292-00-d/?utm_source=oe-dataset&utm_medium=dataset&utm_campaign=oe-cross-reference,https://maplev.ca/fr/parts/tesla-model-3-highland-side-mirror-cover-black-right-1092292-00-d/?utm_source=oe-dataset&utm_medium=dataset&utm_campaign=oe-cross-reference,MapleV (maplev.ca)
P-233,Side Mirror Cover Gray - Left,"Couvercle de rétroviseur extérieur, gris – gauche",Side Mirror Covers,Model 3 | Model 3 Highland,"Tesla Model 3, Tesla Model 3 Highland · Jun 2017 – Dec 2023 · Jan 2024–",Left,1092290-00-D,1092290,,https://maplev.ca/parts/tesla-model-3-highland-side-mirror-cover-gray-left-1092290-00-d/?utm_source=oe-dataset&utm_medium=dataset&utm_campaign=oe-cross-reference,https://maplev.ca/fr/parts/tesla-model-3-highland-side-mirror-cover-gray-left-1092290-00-d/?utm_source=oe-dataset&utm_medium=dataset&utm_campaign=oe-cross-reference,MapleV (maplev.ca)
P-234,Side Mirror Cover Gray - Right,"Couvercle de rétroviseur extérieur, gris – droit",Side Mirror Covers,Model 3 | Model 3 Highland,"Tesla Model 3, Tesla Model 3 Highland · Jun 2017 – Dec 2023 · Jan 2024–",Right,1092292-00-D,1092292,,https://maplev.ca/parts/tesla-model-3-highland-side-mirror-cover-gray-right-1092292-00-d/?utm_source=oe-dataset&utm_medium=dataset&utm_campaign=oe-cross-reference,https://maplev.ca/fr/parts/tesla-model-3-highland-side-mirror-cover-gray-right-1092292-00-d/?utm_source=oe-dataset&utm_medium=dataset&utm_campaign=oe-cross-reference,MapleV (maplev.ca)
P-235,Side Mirror Cover White - Left,"Couvercle de rétroviseur extérieur, blanc – gauche",Side Mirror Covers,Model Y,Tesla Model Y · Jan 2020 – Jan 2025,Left,1495593-00-A,1495593,,https://maplev.ca/parts/tesla-model-y-side-mirror-cover-white-left-1495593-00-a/?utm_source=oe-dataset&utm_medium=dataset&utm_campaign=oe-cross-reference,https://maplev.ca/fr/parts/tesla-model-y-side-mirror-cover-white-left-1495593-00-a/?utm_source=oe-dataset&utm_medium=dataset&utm_campaign=oe-cross-reference,MapleV (maplev.ca)
P-236,Side Mirror Cover White - Right,"Couvercle de rétroviseur extérieur, blanc – droit",Side Mirror Covers,Model Y,Tesla Model Y · Jan 2020 – Jan 2025,Right,1495594-00-A,1495594,,https://maplev.ca/parts/tesla-model-y-side-mirror-cover-white-right-1495594-00-a/?utm_source=oe-dataset&utm_medium=dataset&utm_campaign=oe-cross-reference,https://maplev.ca/fr/parts/tesla-model-y-side-mirror-cover-white-right-1495594-00-a/?utm_source=oe-dataset&utm_medium=dataset&utm_campaign=oe-cross-reference,MapleV (maplev.ca)
P-237,Side Mirror Cover Black - Left,"Couvercle de rétroviseur extérieur, noir – gauche",Side Mirror Covers,Model Y,Tesla Model Y · Jan 2020 – Jan 2025,Left,1495593-00-A,1495593,,https://maplev.ca/parts/tesla-model-y-side-mirror-cover-black-left-1495593-00-a/?utm_source=oe-dataset&utm_medium=dataset&utm_campaign=oe-cross-reference,https://maplev.ca/fr/parts/tesla-model-y-side-mirror-cover-black-left-1495593-00-a/?utm_source=oe-dataset&utm_medium=dataset&utm_campaign=oe-cross-reference,MapleV (maplev.ca)
P-238,Side Mirror Cover Black - Right,"Couvercle de rétroviseur extérieur, noir – droit",Side Mirror Covers,Model Y,Tesla Model Y · Jan 2020 – Jan 2025,Right,1495594-00-A,1495594,,https://maplev.ca/parts/tesla-model-y-side-mirror-cover-black-right-1495594-00-a/?utm_source=oe-dataset&utm_medium=dataset&utm_campaign=oe-cross-reference,https://maplev.ca/fr/parts/tesla-model-y-side-mirror-cover-black-right-1495594-00-a/?utm_source=oe-dataset&utm_medium=dataset&utm_campaign=oe-cross-reference,MapleV (maplev.ca)
P-239,Side Mirror Cover Gray - Left,"Couvercle de rétroviseur extérieur, gris – gauche",Side Mirror Covers,Model Y,Tesla Model Y · Jan 2020 – Jan 2025,Left,1495593-00-A,1495593,,https://maplev.ca/parts/tesla-model-y-side-mirror-cover-gray-left-1495593-00-a/?utm_source=oe-dataset&utm_medium=dataset&utm_campaign=oe-cross-reference,https://maplev.ca/fr/parts/tesla-model-y-side-mirror-cover-gray-left-1495593-00-a/?utm_source=oe-dataset&utm_medium=dataset&utm_campaign=oe-cross-reference,MapleV (maplev.ca)
P-240,Side Mirror Cover Gray - Right,"Couvercle de rétroviseur extérieur, gris – droit",Side Mirror Covers,Model Y,Tesla Model Y · Jan 2020 – Jan 2025,Right,1495594-00-A,1495594,,https://maplev.ca/parts/tesla-model-y-side-mirror-cover-gray-right-1495594-00-a/?utm_source=oe-dataset&utm_medium=dataset&utm_campaign=oe-cross-reference,https://maplev.ca/fr/parts/tesla-model-y-side-mirror-cover-gray-right-1495594-00-a/?utm_source=oe-dataset&utm_medium=dataset&utm_campaign=oe-cross-reference,MapleV (maplev.ca)
P-241,Side Mirror Cover White - Left,"Couvercle de rétroviseur extérieur, blanc – gauche",Side Mirror Covers,Model Y Juniper,Tesla Model Y Juniper · Feb 2025–,Left,1963538-00-B,1963538,,https://maplev.ca/parts/tesla-model-y-juniper-side-mirror-cover-white-left-1963538-00-b/?utm_source=oe-dataset&utm_medium=dataset&utm_campaign=oe-cross-reference,https://maplev.ca/fr/parts/tesla-model-y-juniper-side-mirror-cover-white-left-1963538-00-b/?utm_source=oe-dataset&utm_medium=dataset&utm_campaign=oe-cross-reference,MapleV (maplev.ca)
P-242,Side Mirror Cover White - Right,"Couvercle de rétroviseur extérieur, blanc – droit",Side Mirror Covers,Model Y Juniper,Tesla Model Y Juniper · Feb 2025–,Right,1963539-00-B,1963539,,https://maplev.ca/parts/tesla-model-y-juniper-side-mirror-cover-white-right-1963539-00-b/?utm_source=oe-dataset&utm_medium=dataset&utm_campaign=oe-cross-reference,https://maplev.ca/fr/parts/tesla-model-y-juniper-side-mirror-cover-white-right-1963539-00-b/?utm_source=oe-dataset&utm_medium=dataset&utm_campaign=oe-cross-reference,MapleV (maplev.ca)
P-243,Side Mirror Cover Black - Left,"Couvercle de rétroviseur extérieur, noir – gauche",Side Mirror Covers,Model Y Juniper,Tesla Model Y Juniper · Feb 2025–,Left,1963538-00-B,1963538,,https://maplev.ca/parts/tesla-model-y-juniper-side-mirror-cover-black-left-1963538-00-b/?utm_source=oe-dataset&utm_medium=dataset&utm_campaign=oe-cross-reference,https://maplev.ca/fr/parts/tesla-model-y-juniper-side-mirror-cover-black-left-1963538-00-b/?utm_source=oe-dataset&utm_medium=dataset&utm_campaign=oe-cross-reference,MapleV (maplev.ca)
P-244,Side Mirror Cover Black - Right,"Couvercle de rétroviseur extérieur, noir – droit",Side Mirror Covers,Model Y Juniper,Tesla Model Y Juniper · Feb 2025–,Right,1963539-00-B,1963539,,https://maplev.ca/parts/tesla-model-y-juniper-side-mirror-cover-black-right-1963539-00-b/?utm_source=oe-dataset&utm_medium=dataset&utm_campaign=oe-cross-reference,https://maplev.ca/fr/parts/tesla-model-y-juniper-side-mirror-cover-black-right-1963539-00-b/?utm_source=oe-dataset&utm_medium=dataset&utm_campaign=oe-cross-reference,MapleV (maplev.ca)
P-245,Side Mirror Cover Gray - Left,"Couvercle de rétroviseur extérieur, gris – gauche",Side Mirror Covers,Model Y Juniper,Tesla Model Y Juniper · Feb 2025–,Left,1963538-00-B,1963538,,https://maplev.ca/parts/tesla-model-y-juniper-side-mirror-cover-gray-left-1963538-00-b/?utm_source=oe-dataset&utm_medium=dataset&utm_campaign=oe-cross-reference,https://maplev.ca/fr/parts/tesla-model-y-juniper-side-mirror-cover-gray-left-1963538-00-b/?utm_source=oe-dataset&utm_medium=dataset&utm_campaign=oe-cross-reference,MapleV (maplev.ca)
P-246,Side Mirror Cover Gray - Right,"Couvercle de rétroviseur extérieur, gris – droit",Side Mirror Covers,Model Y Juniper,Tesla Model Y Juniper · Feb 2025–,Right,1963539-00-B,1963539,,https://maplev.ca/parts/tesla-model-y-juniper-side-mirror-cover-gray-right-1963539-00-b/?utm_source=oe-dataset&utm_medium=dataset&utm_campaign=oe-cross-reference,https://maplev.ca/fr/parts/tesla-model-y-juniper-side-mirror-cover-gray-right-1963539-00-b/?utm_source=oe-dataset&utm_medium=dataset&utm_campaign=oe-cross-reference,MapleV (maplev.ca)
P-247,Pedestrian Warning Speaker (25W),Haut-parleur d'alerte pour piétons (25 W),Electronics & Accessories,Model 3 | Model 3 Highland | Model Y,"Tesla Model 3, Tesla Model 3 Highland, Tesla Model Y · Jun 2017 – Dec 2023 · Jan 2024– · Jan 2020 – Jan 2025",,1299965-00-A,1299965,,https://maplev.ca/parts/tesla-model-3-y-pedestrian-warning-speaker-25w-1299965-00-a/?utm_source=oe-dataset&utm_medium=dataset&utm_campaign=oe-cross-reference,https://maplev.ca/fr/parts/tesla-model-3-y-pedestrian-warning-speaker-25w-1299965-00-a/?utm_source=oe-dataset&utm_medium=dataset&utm_campaign=oe-cross-reference,MapleV (maplev.ca)
P-248,Pedestrian Warning Speaker (50W),Haut-parleur d'alerte pour piétons (50 W),Electronics & Accessories,Model 3 | Model 3 Highland | Model Y | Model Y Juniper,"Tesla Model 3, Tesla Model 3 Highland, Tesla Model Y, Tesla Model Y Juniper · Jun 2017 – Dec 2023 · Jan 2024– · Jan 2020 – Jan 2025 · Feb 2025–",,1671113-00-D | 1671113-00-B,1671113,,https://maplev.ca/parts/tesla-model-3-y-pedestrian-warning-speaker-50w-1671113-00-d/?utm_source=oe-dataset&utm_medium=dataset&utm_campaign=oe-cross-reference,https://maplev.ca/fr/parts/tesla-model-3-y-pedestrian-warning-speaker-50w-1671113-00-d/?utm_source=oe-dataset&utm_medium=dataset&utm_campaign=oe-cross-reference,MapleV (maplev.ca)
P-249,Seat Adjustment Switch Assembly (8-Way) - Left,Interrupteur de réglage de siège (8 directions) – gauche,Electronics & Accessories,Model 3 | Model 3 Highland | Model Y | Model Y Juniper,"Tesla Model 3, Tesla Model 3 Highland, Tesla Model Y, Tesla Model Y Juniper · 2021 – Dec 2023 · Jan 2024– · Jan 2020 – Jan 2025 · Feb 2025–",Left,1786321-00-A,1786321,,https://maplev.ca/parts/tesla-model-3-y-seat-adjustment-switch-assembly-8-way-left-1786321-00-a/?utm_source=oe-dataset&utm_medium=dataset&utm_campaign=oe-cross-reference,https://maplev.ca/fr/parts/tesla-model-3-y-seat-adjustment-switch-assembly-8-way-left-1786321-00-a/?utm_source=oe-dataset&utm_medium=dataset&utm_campaign=oe-cross-reference,MapleV (maplev.ca)
P-250,Seat Adjustment Switch Assembly (8-Way) - Right,Interrupteur de réglage de siège (8 directions) – droit,Electronics & Accessories,Model 3 | Model 3 Highland | Model Y | Model Y Juniper,"Tesla Model 3, Tesla Model 3 Highland, Tesla Model Y, Tesla Model Y Juniper · 2021 – Dec 2023 · Jan 2024– · Jan 2020 – Jan 2025 · Feb 2025–",Right,1786322-00-B | 1786322-00-A,1786322,,https://maplev.ca/parts/tesla-model-3-y-seat-adjustment-switch-assembly-8-way-right-1786322-00-b/?utm_source=oe-dataset&utm_medium=dataset&utm_campaign=oe-cross-reference,https://maplev.ca/fr/parts/tesla-model-3-y-seat-adjustment-switch-assembly-8-way-right-1786322-00-b/?utm_source=oe-dataset&utm_medium=dataset&utm_campaign=oe-cross-reference,MapleV (maplev.ca)
P-251,Electric Water Pump,Pompe à eau électrique (liquide de refroidissement),Radiators & Cooling,Model 3 | Model Y,"Tesla Model 3, Tesla Model Y · Jun 2017 – Dec 2023 · Jan 2020 – Jan 2025",,1619322-S0-D | 1619322-00-B | 1619322-00-C,1619322,,https://maplev.ca/parts/tesla-model-3-y-electric-water-pump-1619322-s0-d/?utm_source=oe-dataset&utm_medium=dataset&utm_campaign=oe-cross-reference,https://maplev.ca/fr/parts/tesla-model-3-y-electric-water-pump-1619322-s0-d/?utm_source=oe-dataset&utm_medium=dataset&utm_campaign=oe-cross-reference,MapleV (maplev.ca)
P-252,Hood Hinge - Left,Charnière de capot – gauche,Hood & Front End Parts,Model 3,Tesla Model 3 · Jun 2017 – 2020,Left,1098792-00-D,1098792,TA1236100,https://maplev.ca/parts/tesla-model-3-hood-hinge-left-1098792-00-d/?utm_source=oe-dataset&utm_medium=dataset&utm_campaign=oe-cross-reference,https://maplev.ca/fr/parts/tesla-model-3-hood-hinge-left-1098792-00-d/?utm_source=oe-dataset&utm_medium=dataset&utm_campaign=oe-cross-reference,MapleV (maplev.ca)
P-253,Hood Hinge - Right,Charnière de capot – droite,Hood & Front End Parts,Model 3,Tesla Model 3 · Jun 2017 – 2020,Right,1098793-00-D,1098793,TA1236101,https://maplev.ca/parts/tesla-model-3-hood-hinge-right-1098793-00-d/?utm_source=oe-dataset&utm_medium=dataset&utm_campaign=oe-cross-reference,https://maplev.ca/fr/parts/tesla-model-3-hood-hinge-right-1098793-00-d/?utm_source=oe-dataset&utm_medium=dataset&utm_campaign=oe-cross-reference,MapleV (maplev.ca)
P-254,Hood Hinge (Active) - Left,Charnière de capot (capot actif) – gauche,Hood & Front End Parts,Model 3,Tesla Model 3 · 2021 – Dec 2023,Left,1643845-00-A,1643845,,https://maplev.ca/parts/tesla-model-3-hood-hinge-active-left-1643845-00-a/?utm_source=oe-dataset&utm_medium=dataset&utm_campaign=oe-cross-reference,https://maplev.ca/fr/parts/tesla-model-3-hood-hinge-active-left-1643845-00-a/?utm_source=oe-dataset&utm_medium=dataset&utm_campaign=oe-cross-reference,MapleV (maplev.ca)
P-255,Hood Hinge (Active) - Right,Charnière de capot (capot actif) – droite,Hood & Front End Parts,Model 3,Tesla Model 3 · 2021 – Dec 2023,Right,1643846-00-A,1643846,,https://maplev.ca/parts/tesla-model-3-hood-hinge-active-right-1643846-00-a/?utm_source=oe-dataset&utm_medium=dataset&utm_campaign=oe-cross-reference,https://maplev.ca/fr/parts/tesla-model-3-hood-hinge-active-right-1643846-00-a/?utm_source=oe-dataset&utm_medium=dataset&utm_campaign=oe-cross-reference,MapleV (maplev.ca)
P-256,Hood Hinge - Left,Charnière de capot – gauche,Hood & Front End Parts,Model Y,Tesla Model Y · Jan 2020 – Jan 2025,Left,1496267-00-C | 1496267-00-B,1496267,,https://maplev.ca/parts/tesla-model-y-hood-hinge-left-1496267-00-c/?utm_source=oe-dataset&utm_medium=dataset&utm_campaign=oe-cross-reference,https://maplev.ca/fr/parts/tesla-model-y-hood-hinge-left-1496267-00-c/?utm_source=oe-dataset&utm_medium=dataset&utm_campaign=oe-cross-reference,MapleV (maplev.ca)
P-257,Hood Hinge - Right,Charnière de capot – droite,Hood & Front End Parts,Model Y,Tesla Model Y · Jan 2020 – Jan 2025,Right,1496268-00-C | 1496268-00-B,1496268,,https://maplev.ca/parts/tesla-model-y-hood-hinge-right-1496268-00-c/?utm_source=oe-dataset&utm_medium=dataset&utm_campaign=oe-cross-reference,https://maplev.ca/fr/parts/tesla-model-y-hood-hinge-right-1496268-00-c/?utm_source=oe-dataset&utm_medium=dataset&utm_campaign=oe-cross-reference,MapleV (maplev.ca)
P-258,Hood Hinge - Left,Charnière de capot – gauche,Hood & Front End Parts,Model Y Juniper,Tesla Model Y Juniper · Feb 2025–,Left,1943663-00-E,1943663,,https://maplev.ca/parts/tesla-model-y-juniper-hood-hinge-left-1943663-00-e/?utm_source=oe-dataset&utm_medium=dataset&utm_campaign=oe-cross-reference,https://maplev.ca/fr/parts/tesla-model-y-juniper-hood-hinge-left-1943663-00-e/?utm_source=oe-dataset&utm_medium=dataset&utm_campaign=oe-cross-reference,MapleV (maplev.ca)
P-259,Hood Hinge - Right,Charnière de capot – droite,Hood & Front End Parts,Model Y Juniper,Tesla Model Y Juniper · Feb 2025–,Right,1943664-00-E,1943664,,https://maplev.ca/parts/tesla-model-y-juniper-hood-hinge-right-1943664-00-e/?utm_source=oe-dataset&utm_medium=dataset&utm_campaign=oe-cross-reference,https://maplev.ca/fr/parts/tesla-model-y-juniper-hood-hinge-right-1943664-00-e/?utm_source=oe-dataset&utm_medium=dataset&utm_campaign=oe-cross-reference,MapleV (maplev.ca)
P-260,Radiator,Radiateur,Radiators & Cooling,Model 3 | Model Y,"Tesla Model 3, Tesla Model Y · 2021 – Dec 2023 · Jan 2020 – Jan 2025",,1494175-00-A | 1494175-00-B,1494175,,https://maplev.ca/parts/tesla-model-3-y-radiator-1494175-00-a/?utm_source=oe-dataset&utm_medium=dataset&utm_campaign=oe-cross-reference,https://maplev.ca/fr/parts/tesla-model-3-y-radiator-1494175-00-a/?utm_source=oe-dataset&utm_medium=dataset&utm_campaign=oe-cross-reference,MapleV (maplev.ca)
P-261,Cooling Fan and Shroud Assembly,Ventilateur de radiateur avec carénage (ensemble),Radiators & Cooling,Model 3 | Model 3 Highland | Model Y | Model Y Juniper,"Tesla Model 3, Tesla Model 3 Highland, Tesla Model Y, Tesla Model Y Juniper · 2021 – Dec 2023 · Jan 2024– · Jan 2020 – Jan 2025 · Feb 2025–",,1607807-00-A | 1607807-00-B,1607807,,https://maplev.ca/parts/tesla-model-3-y-cooling-fan-and-shroud-assembly-1607807-00-a/?utm_source=oe-dataset&utm_medium=dataset&utm_campaign=oe-cross-reference,https://maplev.ca/fr/parts/tesla-model-3-y-cooling-fan-and-shroud-assembly-1607807-00-a/?utm_source=oe-dataset&utm_medium=dataset&utm_campaign=oe-cross-reference,MapleV (maplev.ca)
P-262,Rear Knuckle - Left,Porte-fusée arrière – gauche,Suspension Parts,Model 3,Tesla Model 3 · Jun 2017 – Dec 2023,Left,1044411-00-H | 1044411-00-G,1044411,,https://maplev.ca/parts/tesla-model-3-rear-knuckle-left-1044411-00-h/?utm_source=oe-dataset&utm_medium=dataset&utm_campaign=oe-cross-reference,https://maplev.ca/fr/parts/tesla-model-3-rear-knuckle-left-1044411-00-h/?utm_source=oe-dataset&utm_medium=dataset&utm_campaign=oe-cross-reference,MapleV (maplev.ca)
P-263,Rear Knuckle - Right,Porte-fusée arrière – droit,Suspension Parts,Model 3,Tesla Model 3 · Jun 2017 – Dec 2023,Right,1044416-00-H | 1044416-00-G,1044416,,https://maplev.ca/parts/tesla-model-3-rear-knuckle-right-1044416-00-h/?utm_source=oe-dataset&utm_medium=dataset&utm_campaign=oe-cross-reference,https://maplev.ca/fr/parts/tesla-model-3-rear-knuckle-right-1044416-00-h/?utm_source=oe-dataset&utm_medium=dataset&utm_campaign=oe-cross-reference,MapleV (maplev.ca)
P-264,Front Steering Knuckle - Left,Porte-fusée de direction avant – gauche,Suspension Parts,Model 3,Tesla Model 3 · Jun 2017 – Dec 2023,Left,1044311-00-E | 1044311-00-F,1044311,,https://maplev.ca/parts/tesla-model-3-front-steering-knuckle-left-1044311-00-e/?utm_source=oe-dataset&utm_medium=dataset&utm_campaign=oe-cross-reference,https://maplev.ca/fr/parts/tesla-model-3-front-steering-knuckle-left-1044311-00-e/?utm_source=oe-dataset&utm_medium=dataset&utm_campaign=oe-cross-reference,MapleV (maplev.ca)
P-265,Front Steering Knuckle - Right,Porte-fusée de direction avant – droit,Suspension Parts,Model 3,Tesla Model 3 · Jun 2017 – Dec 2023,Right,1044316-00-E,1044316,,https://maplev.ca/parts/tesla-model-3-front-steering-knuckle-right-1044316-00-e/?utm_source=oe-dataset&utm_medium=dataset&utm_campaign=oe-cross-reference,https://maplev.ca/fr/parts/tesla-model-3-front-steering-knuckle-right-1044316-00-e/?utm_source=oe-dataset&utm_medium=dataset&utm_campaign=oe-cross-reference,MapleV (maplev.ca)
P-266,Rear Knuckle - Left,Porte-fusée arrière – gauche,Suspension Parts,Model Y,Tesla Model Y · Jan 2020 – Jan 2025,Left,1188411-00-G | 1188411-00-F | 1288411-00-A,1188411 | 1288411,,https://maplev.ca/parts/tesla-model-y-rear-knuckle-left-1188411-00-g/?utm_source=oe-dataset&utm_medium=dataset&utm_campaign=oe-cross-reference,https://maplev.ca/fr/parts/tesla-model-y-rear-knuckle-left-1188411-00-g/?utm_source=oe-dataset&utm_medium=dataset&utm_campaign=oe-cross-reference,MapleV (maplev.ca)
P-267,Rear Knuckle - Right,Porte-fusée arrière – droit,Suspension Parts,Model Y,Tesla Model Y · Jan 2020 – Jan 2025,Right,1188416-00-G | 1188416-00-F | 1288416-00-A | 1288417-00-A,1188416 | 1288416 | 1288417,,https://maplev.ca/parts/tesla-model-y-rear-knuckle-right-1188416-00-g/?utm_source=oe-dataset&utm_medium=dataset&utm_campaign=oe-cross-reference,https://maplev.ca/fr/parts/tesla-model-y-rear-knuckle-right-1188416-00-g/?utm_source=oe-dataset&utm_medium=dataset&utm_campaign=oe-cross-reference,MapleV (maplev.ca)
P-268,Front Knuckle - Left,Porte-fusée avant – gauche,Suspension Parts,Model Y Juniper | Model Y,"Tesla Model Y Juniper, Tesla Model Y · Feb 2025– · Jan 2020 – Jan 2025",Left,2188311-00-A | 2188311-00-B,2188311,,https://maplev.ca/parts/tesla-model-y-front-knuckle-left-2188311-00-a/?utm_source=oe-dataset&utm_medium=dataset&utm_campaign=oe-cross-reference,https://maplev.ca/fr/parts/tesla-model-y-front-knuckle-left-2188311-00-a/?utm_source=oe-dataset&utm_medium=dataset&utm_campaign=oe-cross-reference,MapleV (maplev.ca)
P-269,Front Knuckle - Right,Porte-fusée avant – droit,Suspension Parts,Model Y Juniper | Model Y,"Tesla Model Y Juniper, Tesla Model Y · Feb 2025– · Jan 2020 – Jan 2025",Right,2188316-00-A | 2188316-00-B,2188316,,https://maplev.ca/parts/tesla-model-y-front-knuckle-right-2188316-00-a/?utm_source=oe-dataset&utm_medium=dataset&utm_campaign=oe-cross-reference,https://maplev.ca/fr/parts/tesla-model-y-front-knuckle-right-2188316-00-a/?utm_source=oe-dataset&utm_medium=dataset&utm_campaign=oe-cross-reference,MapleV (maplev.ca)
P-270,Front Lower Lateral Link,Bras latéral inférieur avant,Suspension Parts,Model 3 | Model 3 Highland | Model Y,"Tesla Model 3, Tesla Model 3 Highland, Tesla Model Y · Jun 2017 – Dec 2023 · Jan 2024– · Jan 2020 – Jan 2025",,1044341-00-E | 1044341-00-D,1044341,,https://maplev.ca/parts/tesla-model-3-y-front-lower-lateral-link-1044341-00-e/?utm_source=oe-dataset&utm_medium=dataset&utm_campaign=oe-cross-reference,https://maplev.ca/fr/parts/tesla-model-3-y-front-lower-lateral-link-1044341-00-e/?utm_source=oe-dataset&utm_medium=dataset&utm_campaign=oe-cross-reference,MapleV (maplev.ca)
P-271,Lower Lateral Link,Bras latéral inférieur avant (ensemble),Suspension Parts,Model 3 | Model 3 Highland | Model Y,"Tesla Model 3, Tesla Model 3 Highland, Tesla Model Y · Jun 2017 – Dec 2023 · Jan 2024– · Jan 2020 – Jan 2025",,1188341-00-C,1188341,,https://maplev.ca/parts/tesla-model-3-y-lower-lateral-link-1188341-00-c/?utm_source=oe-dataset&utm_medium=dataset&utm_campaign=oe-cross-reference,https://maplev.ca/fr/parts/tesla-model-3-y-lower-lateral-link-1188341-00-c/?utm_source=oe-dataset&utm_medium=dataset&utm_campaign=oe-cross-reference,MapleV (maplev.ca)
P-272,Front Lower Compliance Link - Left,Bras inférieur avant (compliance link) – gauche,Suspension Parts,Model 3 | Model 3 Highland | Model Y | Model Y Juniper,"Tesla Model 3, Tesla Model 3 Highland, Tesla Model Y, Tesla Model Y Juniper · Jun 2017 – Dec 2023 · Jan 2024– · Jan 2020 – Jan 2025 · Feb 2025–",Left,2188354-20-B | 1044354-00-A,2188354 | 1044354,,https://maplev.ca/parts/tesla-model-3-y-front-lower-compliance-link-left-2188354-20-b/?utm_source=oe-dataset&utm_medium=dataset&utm_campaign=oe-cross-reference,https://maplev.ca/fr/parts/tesla-model-3-y-front-lower-compliance-link-left-2188354-20-b/?utm_source=oe-dataset&utm_medium=dataset&utm_campaign=oe-cross-reference,MapleV (maplev.ca)
P-273,Front Lower Compliance Link - Right,Bras inférieur avant (compliance link) – droit,Suspension Parts,Model 3 | Model 3 Highland | Model Y | Model Y Juniper,"Tesla Model 3, Tesla Model 3 Highland, Tesla Model Y, Tesla Model Y Juniper · Jun 2017 – Dec 2023 · Jan 2024– · Jan 2020 – Jan 2025 · Feb 2025–",Right,2188359-20-B | 1044359-00-A,2188359 | 1044359,,https://maplev.ca/parts/tesla-model-3-y-front-lower-compliance-link-right-2188359-20-b/?utm_source=oe-dataset&utm_medium=dataset&utm_campaign=oe-cross-reference,https://maplev.ca/fr/parts/tesla-model-3-y-front-lower-compliance-link-right-2188359-20-b/?utm_source=oe-dataset&utm_medium=dataset&utm_campaign=oe-cross-reference,MapleV (maplev.ca)
P-274,Front Upper Control Arm - Left,Bras de suspension supérieur avant – gauche,Suspension Parts,Model 3 | Model 3 Highland | Model Y,"Tesla Model 3, Tesla Model 3 Highland, Tesla Model Y · Jun 2017 – Dec 2023 · Jan 2024– · Jan 2020 – Jan 2025",Left,1044321-00-J | 1188321-10-A,1044321 | 1188321,,https://maplev.ca/parts/tesla-model-3-y-front-upper-control-arm-left-1044321-00-j/?utm_source=oe-dataset&utm_medium=dataset&utm_campaign=oe-cross-reference,https://maplev.ca/fr/parts/tesla-model-3-y-front-upper-control-arm-left-1044321-00-j/?utm_source=oe-dataset&utm_medium=dataset&utm_campaign=oe-cross-reference,MapleV (maplev.ca)
P-275,Front Upper Control Arm - Right,Bras de suspension supérieur avant – droit,Suspension Parts,Model 3 | Model 3 Highland | Model Y,"Tesla Model 3, Tesla Model 3 Highland, Tesla Model Y · Jun 2017 – Dec 2023 · Jan 2024– · Jan 2020 – Jan 2025",Right,1044326-00-J | 1188326-10-A,1044326 | 1188326,,https://maplev.ca/parts/tesla-model-3-y-front-upper-control-arm-right-1044326-00-j/?utm_source=oe-dataset&utm_medium=dataset&utm_campaign=oe-cross-reference,https://maplev.ca/fr/parts/tesla-model-3-y-front-upper-control-arm-right-1044326-00-j/?utm_source=oe-dataset&utm_medium=dataset&utm_campaign=oe-cross-reference,MapleV (maplev.ca)
P-276,Front Stabilizer Bar Link - Left,Biellette de stabilisateur avant – gauche,Suspension Parts,Model 3 | Model 3 Highland | Model Y | Model Y Juniper,"Tesla Model 3, Tesla Model 3 Highland, Tesla Model Y, Tesla Model Y Juniper · Jun 2017 – Dec 2023 · Jan 2024– · Jan 2020 – Jan 2025 · Feb 2025–",Left,1188391-00-B | 1188391-00-C,1188391,,https://maplev.ca/parts/tesla-model-3-y-front-stabilizer-bar-link-left-1188391-00-b/?utm_source=oe-dataset&utm_medium=dataset&utm_campaign=oe-cross-reference,https://maplev.ca/fr/parts/tesla-model-3-y-front-stabilizer-bar-link-left-1188391-00-b/?utm_source=oe-dataset&utm_medium=dataset&utm_campaign=oe-cross-reference,MapleV (maplev.ca)
P-277,Front Stabilizer Bar Link - Right,Biellette de stabilisateur avant – droite,Suspension Parts,Model 3 | Model 3 Highland | Model Y | Model Y Juniper,"Tesla Model 3, Tesla Model 3 Highland, Tesla Model Y, Tesla Model Y Juniper · Jun 2017 – Dec 2023 · Jan 2024– · Jan 2020 – Jan 2025 · Feb 2025–",Right,1188396-00-B | 1188396-00-C,1188396,,https://maplev.ca/parts/tesla-model-3-y-front-stabilizer-bar-link-right-1188396-00-b/?utm_source=oe-dataset&utm_medium=dataset&utm_campaign=oe-cross-reference,https://maplev.ca/fr/parts/tesla-model-3-y-front-stabilizer-bar-link-right-1188396-00-b/?utm_source=oe-dataset&utm_medium=dataset&utm_campaign=oe-cross-reference,MapleV (maplev.ca)
P-278,Rear Stabilizer Bar Link - Left,Biellette de stabilisateur arrière – gauche,Suspension Parts,Model 3 | Model 3 Highland | Model Y | Model Y Juniper,"Tesla Model 3, Tesla Model 3 Highland, Tesla Model Y, Tesla Model Y Juniper · Jun 2017 – Dec 2023 · Jan 2024– · Jan 2020 – Jan 2025 · Feb 2025–",Left,1044491-00-F | 1288491-00-A,1044491 | 1288491,,https://maplev.ca/parts/tesla-model-3-y-rear-stabilizer-bar-link-left-1044491-00-f/?utm_source=oe-dataset&utm_medium=dataset&utm_campaign=oe-cross-reference,https://maplev.ca/fr/parts/tesla-model-3-y-rear-stabilizer-bar-link-left-1044491-00-f/?utm_source=oe-dataset&utm_medium=dataset&utm_campaign=oe-cross-reference,MapleV (maplev.ca)
P-279,Rear Stabilizer Bar Link - Right,Biellette de stabilisateur arrière – droite,Suspension Parts,Model 3 | Model 3 Highland | Model Y | Model Y Juniper,"Tesla Model 3, Tesla Model 3 Highland, Tesla Model Y, Tesla Model Y Juniper · Jun 2017 – Dec 2023 · Jan 2024– · Jan 2020 – Jan 2025 · Feb 2025–",Right,1044496-00-F | 1288496-00-A,1044496 | 1288496,,https://maplev.ca/parts/tesla-model-3-y-rear-stabilizer-bar-link-right-1044496-00-f/?utm_source=oe-dataset&utm_medium=dataset&utm_campaign=oe-cross-reference,https://maplev.ca/fr/parts/tesla-model-3-y-rear-stabilizer-bar-link-right-1044496-00-f/?utm_source=oe-dataset&utm_medium=dataset&utm_campaign=oe-cross-reference,MapleV (maplev.ca)
P-280,Lower Lateral Link · ZF Lemförder OEM,Bras latéral inférieur avant (ensemble) · ZF Lemförder OEM,Suspension Parts,Model Y Juniper | Model Y | Model 3 | Model 3 Highland,"Tesla Model Y Juniper, Tesla Model Y, Tesla Model 3, Tesla Model 3 Highland · Feb 2025– · Jan 2020 – Jan 2025 · Jun 2017 – Dec 2023 · Jan 2024–",,2188341-00-B,2188341,,https://maplev.ca/parts/tesla-model-3-y-lower-lateral-link-zf-lemf-rder-oem-2188341-00-b/?utm_source=oe-dataset&utm_medium=dataset&utm_campaign=oe-cross-reference,https://maplev.ca/fr/parts/tesla-model-3-y-lower-lateral-link-zf-lemf-rder-oem-2188341-00-b/?utm_source=oe-dataset&utm_medium=dataset&utm_campaign=oe-cross-reference,MapleV (maplev.ca)
P-281,Front Lower Compliance Link - Left · ZF Lemförder OEM,Bras inférieur avant (compliance link) – gauche · ZF Lemförder OEM,Suspension Parts,Model Y Juniper | Model Y | Model 3 | Model 3 Highland,"Tesla Model Y Juniper, Tesla Model Y, Tesla Model 3, Tesla Model 3 Highland · Feb 2025– · Jan 2020 – Jan 2025 · Jun 2017 – Dec 2023 · Jan 2024–",Left,2188354-10-B,2188354,,https://maplev.ca/parts/tesla-model-3-y-front-lower-compliance-link-left-zf-lemf-rder-oem-2188354-10-b/?utm_source=oe-dataset&utm_medium=dataset&utm_campaign=oe-cross-reference,https://maplev.ca/fr/parts/tesla-model-3-y-front-lower-compliance-link-left-zf-lemf-rder-oem-2188354-10-b/?utm_source=oe-dataset&utm_medium=dataset&utm_campaign=oe-cross-reference,MapleV (maplev.ca)
P-282,Front Lower Compliance Link - Right · ZF Lemförder OEM,Bras inférieur avant (compliance link) – droit · ZF Lemförder OEM,Suspension Parts,Model Y Juniper | Model Y | Model 3 | Model 3 Highland,"Tesla Model Y Juniper, Tesla Model Y, Tesla Model 3, Tesla Model 3 Highland · Feb 2025– · Jan 2020 – Jan 2025 · Jun 2017 – Dec 2023 · Jan 2024–",Right,2188359-10-B,2188359,,https://maplev.ca/parts/tesla-model-3-y-front-lower-compliance-link-right-zf-lemf-rder-oem-2188359-10-b/?utm_source=oe-dataset&utm_medium=dataset&utm_campaign=oe-cross-reference,https://maplev.ca/fr/parts/tesla-model-3-y-front-lower-compliance-link-right-zf-lemf-rder-oem-2188359-10-b/?utm_source=oe-dataset&utm_medium=dataset&utm_campaign=oe-cross-reference,MapleV (maplev.ca)
P-283,Front Upper Control Arm - Left · ZF Lemförder OEM,Bras de suspension supérieur avant – gauche · ZF Lemförder OEM,Suspension Parts,Model Y Juniper | Model Y | Model 3 | Model 3 Highland,"Tesla Model Y Juniper, Tesla Model Y, Tesla Model 3, Tesla Model 3 Highland · Feb 2025– · Jan 2020 – Jan 2025 · Jun 2017 – Dec 2023 · Jan 2024–",Left,1188321-10-C,1188321,,https://maplev.ca/parts/tesla-model-3-y-front-upper-control-arm-left-zf-lemf-rder-oem-1188321-10-c/?utm_source=oe-dataset&utm_medium=dataset&utm_campaign=oe-cross-reference,https://maplev.ca/fr/parts/tesla-model-3-y-front-upper-control-arm-left-zf-lemf-rder-oem-1188321-10-c/?utm_source=oe-dataset&utm_medium=dataset&utm_campaign=oe-cross-reference,MapleV (maplev.ca)
P-284,Front Upper Control Arm - Right · ZF Lemförder OEM,Bras de suspension supérieur avant – droit · ZF Lemförder OEM,Suspension Parts,Model Y Juniper | Model Y | Model 3 | Model 3 Highland,"Tesla Model Y Juniper, Tesla Model Y, Tesla Model 3, Tesla Model 3 Highland · Feb 2025– · Jan 2020 – Jan 2025 · Jun 2017 – Dec 2023 · Jan 2024–",Right,1188326-10-C,1188326,,https://maplev.ca/parts/tesla-model-3-y-front-upper-control-arm-right-zf-lemf-rder-oem-1188326-10-c/?utm_source=oe-dataset&utm_medium=dataset&utm_campaign=oe-cross-reference,https://maplev.ca/fr/parts/tesla-model-3-y-front-upper-control-arm-right-zf-lemf-rder-oem-1188326-10-c/?utm_source=oe-dataset&utm_medium=dataset&utm_campaign=oe-cross-reference,MapleV (maplev.ca)
P-285,Rear Lower Fore Link,Bras inférieur avant de suspension arrière,Suspension Parts,Model 3 | Model Y,"Tesla Model 3, Tesla Model Y · Jun 2017 – Dec 2023 · Jan 2020 – Jan 2025",,1044441-00-F | 1288441-00-A,1044441 | 1288441,,https://maplev.ca/parts/tesla-model-3-y-rear-lower-fore-link-1044441-00-f/?utm_source=oe-dataset&utm_medium=dataset&utm_campaign=oe-cross-reference,https://maplev.ca/fr/parts/tesla-model-3-y-rear-lower-fore-link-1044441-00-f/?utm_source=oe-dataset&utm_medium=dataset&utm_campaign=oe-cross-reference,MapleV (maplev.ca)
P-286,Rear Upper Fore Link,Bras supérieur avant de suspension arrière,Suspension Parts,Model 3 | Model Y,"Tesla Model 3, Tesla Model Y · Jun 2017 – Dec 2023 · Jan 2020 – Jan 2025",,1044427-00-C | 1044427-00-D,1044427,,https://maplev.ca/parts/tesla-model-3-y-rear-upper-fore-link-1044427-00-c/?utm_source=oe-dataset&utm_medium=dataset&utm_campaign=oe-cross-reference,https://maplev.ca/fr/parts/tesla-model-3-y-rear-upper-fore-link-1044427-00-c/?utm_source=oe-dataset&utm_medium=dataset&utm_campaign=oe-cross-reference,MapleV (maplev.ca)
P-287,Rear Upper Aft Link,Bras supérieur arrière de suspension arrière,Suspension Parts,Model 3 | Model Y,"Tesla Model 3, Tesla Model Y · Jun 2017 – Dec 2023 · Jan 2020 – Jan 2025",,1188423-00-A | 1288423-00-A | 1044423-00-G | 1188423-00-B,1188423 | 1288423 | 1044423,,https://maplev.ca/parts/tesla-model-3-y-rear-upper-aft-link-1188423-00-a/?utm_source=oe-dataset&utm_medium=dataset&utm_campaign=oe-cross-reference,https://maplev.ca/fr/parts/tesla-model-3-y-rear-upper-aft-link-1188423-00-a/?utm_source=oe-dataset&utm_medium=dataset&utm_campaign=oe-cross-reference,MapleV (maplev.ca)
P-288,Rear Toe Link,Bras de pincement arrière (bras de guidage),Suspension Parts,Model 3 | Model Y,"Tesla Model 3, Tesla Model Y · Jun 2017 – Dec 2023 · Jan 2020 – Jan 2025",,1044431-00-G | 1044431-00-H,1044431,,https://maplev.ca/parts/tesla-model-3-y-rear-toe-link-1044431-00-g/?utm_source=oe-dataset&utm_medium=dataset&utm_campaign=oe-cross-reference,https://maplev.ca/fr/parts/tesla-model-3-y-rear-toe-link-1044431-00-g/?utm_source=oe-dataset&utm_medium=dataset&utm_campaign=oe-cross-reference,MapleV (maplev.ca)
P-289,Rear Lower Aft Link,Bras inférieur arrière de suspension arrière,Suspension Parts,Model 3 | Model 3 Highland | Model Y,"Tesla Model 3, Tesla Model 3 Highland, Tesla Model Y · Jun 2017 – Dec 2023 · Jan 2024– · Jan 2020 – Jan 2025",,1044451-00-F,1044451,,https://maplev.ca/parts/tesla-model-3-y-rear-lower-aft-link-1044451-00-f/?utm_source=oe-dataset&utm_medium=dataset&utm_campaign=oe-cross-reference,https://maplev.ca/fr/parts/tesla-model-3-y-rear-lower-aft-link-1044451-00-f/?utm_source=oe-dataset&utm_medium=dataset&utm_campaign=oe-cross-reference,MapleV (maplev.ca)
P-290,Wheel Hub Bearing - Non-Drive (2WD),Moyeu et roulement de roue – roue non motrice (2RM),Suspension Parts,Model 3 | Model Y,"Tesla Model 3, Tesla Model Y · Jun 2017 – Dec 2023 · Jan 2020 – Jan 2025",,1044122-00-E,1044122,,https://maplev.ca/parts/tesla-model-3-y-wheel-hub-bearing-non-drive-2wd-1044122-00-e/?utm_source=oe-dataset&utm_medium=dataset&utm_campaign=oe-cross-reference,https://maplev.ca/fr/parts/tesla-model-3-y-wheel-hub-bearing-non-drive-2wd-1044122-00-e/?utm_source=oe-dataset&utm_medium=dataset&utm_campaign=oe-cross-reference,MapleV (maplev.ca)
P-291,Wheel Hub Bearing - Drive (4WD),Moyeu et roulement de roue – roue motrice (4RM),Suspension Parts,Model 3 | Model 3 Highland | Model Y | Model Y Juniper,"Tesla Model 3, Tesla Model 3 Highland, Tesla Model Y, Tesla Model Y Juniper · Jun 2017 – Dec 2023 · Jan 2024– · Jan 2020 – Jan 2025 · Feb 2025–",,1044121-00-E | 1044121-00-F,1044121,,https://maplev.ca/parts/tesla-model-3-y-wheel-hub-bearing-drive-4wd-1044121-00-e/?utm_source=oe-dataset&utm_medium=dataset&utm_campaign=oe-cross-reference,https://maplev.ca/fr/parts/tesla-model-3-y-wheel-hub-bearing-drive-4wd-1044121-00-e/?utm_source=oe-dataset&utm_medium=dataset&utm_campaign=oe-cross-reference,MapleV (maplev.ca)
P-340,Activated Carbon Cabin Air Filter (Set of 2),Filtre d'habitacle au charbon actif (jeu de 2),Electronics & Accessories,Model Y | Model Y Juniper,"Tesla Model Y, Tesla Model Y Juniper · Jan 2020 – Jan 2025 · Feb 2025–",,1658376-20-C | 1658376-00-A,1658376,,https://maplev.ca/parts/tesla-model-y-activated-carbon-cabin-air-filter-set-of-2-1658376-20-c/?utm_source=oe-dataset&utm_medium=dataset&utm_campaign=oe-cross-reference,https://maplev.ca/fr/parts/tesla-model-y-activated-carbon-cabin-air-filter-set-of-2-1658376-20-c/?utm_source=oe-dataset&utm_medium=dataset&utm_campaign=oe-cross-reference,MapleV (maplev.ca)
P-341,HEPA + Carbon Cabin Air Filter Set,Ensemble de filtres d'habitacle HEPA + charbon actif,Electronics & Accessories,Model Y | Model Y Juniper,"Tesla Model Y, Tesla Model Y Juniper · Jan 2020 – Jan 2025 · Feb 2025–",,1658375-00-B | 1658376-20-C | 1658375-00-A | 1658376-00-A,1658375 | 1658376,,https://maplev.ca/parts/tesla-model-y-hepa-carbon-cabin-air-filter-set-1658375-00-b/?utm_source=oe-dataset&utm_medium=dataset&utm_campaign=oe-cross-reference,https://maplev.ca/fr/parts/tesla-model-y-hepa-carbon-cabin-air-filter-set-1658375-00-b/?utm_source=oe-dataset&utm_medium=dataset&utm_campaign=oe-cross-reference,MapleV (maplev.ca)
